No.,屬性,類型,基因名稱,基因等級,等級,主/被,技能名稱,技能細節,目標,羈絆值消耗,基礎值【強化2】,技能特效【強化2】,固有,一般,稀有
0,彩虹,彩虹,虹色基因,S,1,無,攻擊性質 & 屬性自由,,,,,,,,
1,無,技巧,鞭打基因【小】,S,4,主動,迴旋尾巴,"對敵方全體造成無屬性小量傷害。
【強化1】威力：小幅提升
【強化2】威力：中幅提升",全體,16,40,,毒妖鳥,,
2,,,鞭子基因【中】,M,,,,,,,,,,,
3,火,力量,鞭打基因【大】,L,15,主動,迴旋尾炸彈,"對敵方全體造成火屬性中量傷害。高機率使其陷入爆破異常狀態。
【強化1】威力：小幅提升　賦予率：小幅提升
【強化2】威力：中幅提升　賦予率：中幅提升",全體,25,60,爆破異常 70% 5回合,爆鎚龍,,
4,火,速度,鞭打基因【特大】,XL,15,主動,燃火尾巴,"對單一敵方造成火屬性中量傷害。高機率使其陷入燒傷狀態3回合。
【強化1】威力：小幅提升　賦予率：小幅提升
【強化2】威力：中幅提升　賦予率：中幅提升",單體,14,60,燒傷 80% 3回合,燼滅刃斬龍,,
5,,,全力揮擊基因【小】,S,,,,,,,,,,,
6,火,力量,全力揮擊基因【中】,M,1,主動,熱斬刃,"對敵方全體造成火屬性中量傷害。低機率使其陷入燒傷狀態3回合。
【強化1】威力：小幅提升　賦予率：小幅提升
【強化2】威力：中幅提升　賦予率：中幅提升",全體,22,60,燒傷 30% 3回合,斬龍、燼滅刃斬龍,,
7,無,力量,全力揮擊基因【大】,L,10,主動,滅盡碎,"對單一敵方造成無屬性大量傷害。
【強化1】威力：小幅提升
【強化2】威力：中幅提升",單體,19,110,,滅盡龍,,
8,無,速度,全力揮擊基因【特大】,XL,40,主動,地獄狂傲,"對敵方全體造成無屬性大量傷害。
【強化1】威力：小幅提升
【強化2】威力：中幅提升",全體,38,110,,鏖魔角龍,,
9,無,技巧,爪刺基因【小】,S,1,主動,尖喙刺擊,"對單一敵方造成無屬性小量傷害。
【強化1】威力：小幅提升
【強化2】威力：中幅提升",單體,8,40,,怪鳥、青怪鳥,,
10,,,爪刺基因【中】,M,,,,,,,,,,,
11,無,速度,爪刺基因【大】,L,1,主動,螺旋爪,"對單一敵方造成無屬性大量傷害。
【強化1】威力：小幅提升
【強化2】威力：中幅提升",單體,19,110,,天眼泡狐龍,,
12,無,速度,爪刺基因【特大】,XL,1,主動,毒掃擊,"對敵方全體造成無屬性大量傷害。中機率使其陷入中毒狀態3回合。
【強化1】威力：小幅提升　賦予率：小幅提升
【強化2】威力：中幅提升　賦予率：中幅提升",全體,41,110,毒 50% 3回合,櫻火龍,,
13,無,技巧,衝擊基因【小】,S,10,主動,所向披靡,"對敵方全體造成無屬性小量傷害。
【強化1】威力：小幅提升
【強化2】威力：中幅提升",全體,16,40,,怪鳥,,
14,冰,力量,衝擊基因【中】,M,30,主動,除雪者,"對敵方全體造成冰屬性中量傷害。
【強化1】威力：小幅提升
【強化2】威力：中幅提升",全體,20,60,,巨獸,,
15,無,力量,衝擊基因【大】,L,15,主動,宏偉粉碎者,"對敵方全體造成無屬性中量傷害。
【強化1】威力：小幅提升
【強化2】威力：中幅提升",全體,20,60,,碎龍,,
16,火,速度,衝擊基因【特大】,XL,30,主動,滑空炸彈,"對敵方全體造成火屬性中量傷害。高機率使其陷入爆破異常狀態。
【強化1】威力：小幅提升　賦予率：小幅提升
【強化2】威力：中幅提升　賦予率：中幅提升",全體,26,60,爆破異常 80% 5回合,爆鱗龍,,
17,雷,速度,猛擊基因【小】,S,1,主動,雷電落尾擊,"對單一敵方造成雷屬性小量傷害。
【強化1】威力：小幅提升
【強化2】威力：中幅提升",單體,8,40,,飛雷龍,,
18,冰,速度,猛擊基因【中】,M,20,主動,寒霜擊,"對單一敵方造成冰屬性中量傷害。中機率使其陷入技能封印狀態2回合。
【強化1】威力：小幅提升　賦予率：小幅提升
【強化2】威力：中幅提升　賦予率：中幅提升",單體,12,60,技能封印 50% 2回合,冰牙龍,,
19,雷,技巧,猛擊基因【大】,L,15,主動,雷猛擊,"對敵方全體造成雷屬性中量傷害。低機率使其陷入麻痺狀態3回合。
【強化1】威力：小幅提升　賦予率：小幅提升
【強化2】威力：中幅提升　賦予率：中幅提升",全體,26,60,麻痺 40% 3回合,電龍,,
20,無,力量,猛擊基因【特大】,XL,1,主動,毒擊,"對單一敵方造成無屬性大量傷害。中機率使其陷入中毒狀態3回合。
【強化1】威力：小幅提升　賦予率：小幅提升
【強化2】威力：中幅提升　賦予率：中幅提升",單體,21,110,毒 50% 3回合,火龍,,
21,雷,技巧,咬牙基因【小】,S,1,主動,雷牙,"對單一敵方造成雷屬性小量傷害。低機率使其陷入麻痺狀態3回合。
【強化1】威力：小幅提升　賦予率：小幅提升
【強化2】威力：中幅提升　賦予率：中幅提升",單體,11,40,麻痺 40% 3回合,紅怪龍、加爾克(雷),,
22,無,力量,咬牙基因【中】,M,15,主動,狂野牙,"對單一敵方造成無屬性中量傷害。
【強化1】威力：小幅提升
【強化2】威力：中幅提升",單體,10,60,,海龍、雷顎龍,,
23,火,力量,咬牙基因【大】,L,20,主動,燃火牙,"對單一敵方造成火屬性中量傷害。中機率使其陷入燒傷狀態3回合。
【強化1】威力：小幅提升　賦予率：小幅提升
【強化2】威力：中幅提升　賦予率：中幅提升",單體,12,60,燒傷 50% 3回合,蠻顎龍、加爾克(火),,
24,,,咬牙基因【特大】,XL,,,,,,,,,,,
25,無,力量,岩石基因【小】,S,8,主動,岩石奔擊,"對單一敵方造成無屬性小量傷害。
【強化1】威力：小幅提升
【強化2】威力：中幅提升",單體,8,40,,搔鳥,,
26,火,技巧,岩石基因【中】,M,1,主動,爆火,"對單一敵方造成火屬性小量傷害。
【強化1】威力：小幅提升
【強化2】威力：中幅提升",單體,8,40,,彩鳥,,
27,雷,技巧,岩石基因【大】,L,1,主動,爆雷,"對單一敵方造成雷屬性中量傷害。低機率使其陷入麻痺狀態3回合。
【強化1】威力：小幅提升　賦予率：小幅提升
【強化2】威力：中幅提升　賦予率：中幅提升",單體,12,60,麻痺 30% 3回合,紅彩鳥,,
28,,,岩石基因【特大】,XL,,,,,,,,,,,
29,無,力量,地鳴基因【小】,S,8,主動,大地震盪波,"對敵方全體造成無屬性小量傷害。
【強化1】威力：小幅提升
【強化2】威力：中幅提升",全體,16,40,,背甲龍,,
30,火,力量,地鳴基因【中】,M,15,主動,火焰環刃,"對單一敵方造成火屬性中量傷害。
【強化1】威力：小幅提升
【強化2】威力：中幅提升",單體,10,60,,斬龍,,
31,無,速度,地鳴基因【大】,L,40,主動,真空波,"對敵方全體造成無屬性中量傷害。高機率使其陷入裂傷狀態2回合。
【強化1】威力：小幅提升　賦予率：小幅提升
【強化2】威力：中幅提升　賦予率：中幅提升",全體,30,60,裂傷 80% 2回合,白疾風迅龍,,
32,無,力量,地鳴基因【特大】,XL,40,主動,大地碎擊,"對單一敵方造成無屬性大量傷害。
【強化1】威力：小幅提升
【強化2】威力：中幅提升",單體,19,113,,荒鉤爪轟龍,,
33,無,技巧,倒地基因【小】,S,8,主動,真空衝擊,"對單一敵方造成無屬性小量傷害。低機率使其陷入暈眩。
【強化1】威力：小幅提升　賦予率：小幅提升
【強化2】威力：中幅提升　賦予率：中幅提升",單體,14,40,暈眩 30% 1回合,浮空龍,,
34,無,力量,倒地基因【中】,M,1,主動,尾巴震盪擊,"對單一敵方造成無屬性中量傷害。低機率使其陷入暈眩。
【強化1】威力：小幅提升　賦予率：小幅提升
【強化2】威力：中幅提升　賦予率：中幅提升",單體,16,60,暈眩 30% 1回合,紫毒鳥,,
35,無,力量,倒地基因【大】,L,10,主動,擊倒,"對單一敵方造成無屬性中量傷害。低機率使其陷入擊倒。
【強化1】威力：小幅提升　賦予率：小幅提升
【強化2】威力：中幅提升　賦予率：中幅提升",單體,16,60,擊倒 30% 1回合,一角龍,,
36,,,倒地基因【特大】,XL,,,,,,,,,,,
37,無,技巧,破壞基因【小】,S,10,主動,狂野粉碎擊,"對單一敵方造成無屬性小量傷害。低機率使其防禦力降低3回合。
【強化1】威力：小幅提升　賦予率：小幅提升
【強化2】威力：中幅提升　賦予率：中幅提升",單體,9,40,全屬性防禦力降低[15] 30% 3回合,青熊獸、狗龍王、土砂龍,,
38,無,力量,破壞基因【中】,M,10,主動,碎身擊,"對單一敵方造成無屬性中量傷害。低機率使其防禦力降低3回合。
【強化1】威力：小幅提升　賦予率：小幅提升
【強化2】威力：中幅提升　賦予率：中幅提升",單體,12,60,全屬性防禦力降低[15] 40% 3回合,冰土砂龍、黑轟龍、白一角龍,,
39,無,速度,破壞基因【大】,L,15,主動,碎身角,"對單一敵方造成無屬性大量傷害。中機率使其防禦力降低3回合。
【強化1】威力：小幅提升　賦予率：小幅提升
【強化2】威力：中幅提升　賦予率：中幅提升",單體,22,110,全屬性防禦力降低[15] 50% 3回合,冰麒麟,,
40,無,速度,破壞基因【特大】,XL,1,主動,地獄粉碎擊,"對單一敵方造成無屬性大量傷害。低機率使其防禦力大幅降低3回合。
【強化1】威力：小幅提升　賦予率：小幅提升
【強化2】威力：中幅提升　賦予率：中幅提升",單體,22,114,全屬性防禦力降低[30] 40% 3回合,鏖魔角龍,,
41,無,無,先制基因【小】,S,15,主動,疾風牙,"對單一敵方造成無屬性極小量傷害。先發機率非常高。
【強化1】威力：小幅提升
【強化2】威力：中幅提升",單體,14,x1,先發機率非常高,迅猛龍王,,
42,無,力量,先制基因P【大】,M,30,主動,音速擊P,"對單一敵方造成無屬性小量傷害。先發機率非常高。
【強化1】威力：小幅提升
【強化2】威力：中幅提升",單體,16,x1,先發機率非常高,金獅子,,
43,無,速度,先制基因S【大】,L,20,主動,音速擊S,"對單一敵方造成無屬性小量傷害。先發機率非常高。
【強化1】威力：小幅提升
【強化2】威力：中幅提升",單體,16,x1,先發機率非常高,一角龍,,
44,冰,技巧,先制基因T【大】,L,15,主動,音速擊T,"對單一敵方造成冰屬性小量傷害。先發機率非常高。
【強化1】威力：小幅提升
【強化2】威力：中幅提升",單體,16,x1,先發機率非常高,鋼龍,,
45,無,速度,突襲基因【小】,S,1,主動,奪命擊,"對單一敵方造成無屬性小量傷害。會心率略高。
【強化1】威力：小幅提升
【強化2】威力：中幅提升",單體,18,40,會心率[20],迅猛龍王,,
46,無,技巧,突襲基因【中】,M,1,主動,奪命壓制,"對單一敵方造成無屬性小量傷害。會心率略高。
【強化1】威力：小幅提升
【強化2】威力：中幅提升",單體,18,40,會心率[20],背甲龍、浮空龍,,
47,雷,力量,突襲基因【大】,L,15,主動,電漿重壓,"對單一敵方造成雷屬性中量傷害。會心率略高。
【強化1】威力：小幅提升　會心率：小幅提升
【強化2】威力：中幅提升　會心率：中幅提升",單體,20,60,會心率[30],白海龍,,
48,火,力量,突襲基因【特大】,XL,40,主動,燼滅刃,"對單一敵方造成火屬性大量傷害。會心率略高。
【強化1】威力：小幅提升　會心率：小幅提升
【強化2】威力：中幅提升　會心率：中幅提升",單體,29,114,會心率[30],燼滅刃斬龍,,
49,無,速度,全力基因【小】,S,5,主動,全力攻擊,"對單一敵方造成無屬性中量傷害。自己會因後座力而承受傷害。
【強化1】威力：小幅提升
【強化2】威力：中幅提升",單體,10,70,自身傷害,野豬王、青怪鳥,,
50,無,力量,全力基因【中】,M,15,主動,全力熊掌,"對單一敵方造成無屬性大量傷害。自己將因反作用力而陷入擊倒。
【強化1】威力：小幅提升
【強化2】威力：中幅提升",單體,10,100,自身擊倒,青熊獸,,
51,水,技巧,全力基因【大】,L,15,主動,全力迴旋,"對單一敵方造成水屬性中量傷害。自己會因後座力而承受傷害。
【強化1】威力：小幅提升
【強化2】威力：中幅提升",單體,10,70,自身傷害,水獸、奇猿狐,,
52,無,力量,全力基因【特大】,XL,10,主動,全力角擊,"對敵方全體造成無屬性極大量傷害。自己將因反作用力而受到傷害並陷入擊倒。
【強化1】威力：小幅提升
【強化2】威力：中幅提升",全體,38,160,自身擊倒,角龍、黑角龍,,
53,無,技巧,背水基因【小】,S,20,主動,復仇斬擊,"對單一敵方造成無屬性小量傷害。體力低時攻擊力提升。
【強化1】威力：小幅提升
【強化2】威力：中幅提升",單體,8,40,體力低時攻擊力上升,浮空龍、影蜘蛛,,
54,無,力量,背水基因【中】,M,1,主動,復仇衝擊,"對單一敵方造成無屬性中量傷害。體力低時攻擊力提升。
【強化1】威力：小幅提升
【強化2】威力：中幅提升",單體,10,60,體力低時攻擊力上升,角龍,,
55,冰,速度,背水基因【大】,L,10,主動,復仇冰鑽,"對單一敵方造成冰屬性中量傷害。體力低時攻擊力上升。使其陷入技能封印。
【強化1】威力：小幅提升　賦予率：小幅提升
【強化2】威力：中幅提升　賦予率：中幅提升",單體,12,60,"體力低時攻擊力上升
技能封印 50% 2回合",風漂龍,,
56,雷,技巧,背水基因【特大】,XL,30,主動,復仇雷擊,"對單一敵方造成雷屬性大量傷害。體力低時攻擊力上升。使其陷入麻痺狀態。
【強化1】威力：小幅提升　賦予率：小幅提升
【強化2】威力：中幅提升　賦予率：中幅提升",單體,22,110,"體力低時攻擊力上升
麻痺 40% 3回合",電龍,,
57,無,力量,失控基因【小】,S,1,主動,必殺衝擊,"對單一敵方造成無屬性小量傷害。命中率低，但命中時必定會心。
【強化1】命中率：小幅提升
【強化2】命中率：中幅提升",單體,13,35,命中率低但必定會心,野豬王,,
58,無,技巧,失控基因【中】,M,10,主動,激重擊,"對單一敵方造成無屬性中量傷害。命中率低，但命中時必定會心。
【強化1】命中率：小幅提升
【強化2】命中率：中幅提升",單體,20,55,命中率低但必定會心,白猿狐,,
59,無,速度,失控基因【大】,L,10,主動,激重槍,"對單一敵方造成無屬性大量傷害。命中率低，但命中時必定會心。
【強化1】命中率：小幅提升
【強化2】命中率：中幅提升",單體,29,95,命中率低但必定會心,轟龍,,
60,無,力量,失控基因【特大】,XL,15,主動,激重暴亂,"對敵方全體造成無屬性極大量傷害。命中率低，但命中時必定會心。
【強化1】命中率：小幅提升
【強化2】命中率：中幅提升",全體,56,135,命中率低但必定會心,荒鉤爪轟龍,,
61,火,速度,火焰吐息基因【小】,S,1,主動,火焰吐息,"對單一敵方造成火屬性中量傷害。
【強化1】威力：小幅提升
【強化2】威力：中幅提升",單體,10,60,,雌火龍、蒼火龍、加爾克(火),,
62,火,速度,火焰吐息基因【中】,M,15,主動,烈焰爆射,"對敵方全體造成火屬性中量傷害。低機率使其陷入燒傷狀態3回合。
【強化1】威力：小幅提升　賦予率：小幅提升
【強化2】威力：中幅提升　賦予率：中幅提升",全體,22,60,燒傷 30% 3回合,雌火龍、櫻火龍、紫毒姬雌火龍,,
63,火,力量,火焰吐息基因【大】,L,15,主動,火焰爆裂,"對敵方全體造成火屬性大量傷害。低機率使其陷入燒傷狀態3回合。
【強化1】威力：小幅提升　賦予率：小幅提升
【強化2】威力：中幅提升　賦予率：中幅提升",全體,40,110,燒傷 30% 3回合,蒼火龍,,
64,火,力量,火焰吐息基因【特大】,XL,1,主動,閃焰爆裂,"對敵方全體造成火屬性極大量傷害。低機率使其陷入燒傷狀態3回合。
【強化1】威力：小幅提升　賦予率：小幅提升
【強化2】威力：中幅提升　賦予率：中幅提升",全體,48,150,燒傷 30% 3回合,銀火龍,,
65,火,技巧,火球基因【小】,S,4,主動,火球,"對單一敵方造成火屬性小量傷害。
【強化1】威力：小幅提升
【強化2】威力：中幅提升",單體,8,40,,怪鳥,,
66,火,技巧,火球基因【中】,M,8,主動,火焰球,"對單一敵方造成火屬性小量傷害。高機率使其陷入燒傷狀態3回合。
【強化1】威力：小幅提升　賦予率：小幅提升
【強化2】威力：中幅提升　賦予率：中幅提升",單體,12,40,燒傷 80% 3回合,黑狼鳥、青怪鳥,,
67,火,力量,火球基因【大】,L,15,主動,豪火球,"對單一敵方造成火屬性大量傷害。高機率使其陷入燒傷狀態3回合。
【強化1】威力：小幅提升　賦予率：小幅提升
【強化2】威力：中幅提升　賦予率：中幅提升",單體,23,110,燒傷 80% 3回合,火龍,,
68,火,力量,火球基因【特大】,XL,40,主動,超新星爆發,"對敵方全體造成火屬性極大量傷害。高機率使其陷入燒傷狀態3回合。
【強化1】威力：小幅提升　賦予率：小幅提升
【強化2】威力：中幅提升　賦予率：中幅提升",全體,54,155,燒傷 80% 3回合,炎王龍,,
69,水,力量,水吐息基因【小】,S,8,主動,水壓射擊,"對單一敵方造成水屬性小量傷害。
【強化1】威力：小幅提升
【強化2】威力：中幅提升",單體,8,40,,水獸,,
70,水,速度,水吐息基因【中】,M,10,主動,妖泡,"對敵方全體造成水屬性中量傷害。低機率賦予速度‧命中率降低3回合。
【強化1】威力：小幅提升　賦予率：小幅提升
【強化2】威力：中幅提升　賦予率：中幅提升",全體,23,60,"速度下降[1] 30% 3回合
命中率降低[25] 30% 3回合",泡狐龍,,
71,水,技巧,水吐息基因【大】,L,1,主動,水波爆射,"對單一敵方造成水屬性大量傷害。中機率使其速度降低3回合。
【強化1】威力：小幅提升　賦予率：小幅提升
【強化2】威力：中幅提升　賦予率：中幅提升",單體,21,110,速度下降[1] 50% 3回合,泡狐龍,,
72,,,水吐息基因【特大】,XL,,,,,,,,,,,
73,雷,力量,雷電吐息基因【小】,S,1,主動,雷電吐息,"對單一敵方造成雷屬性小量傷害。
【強化1】威力：小幅提升
【強化2】威力：中幅提升",單體,8,40,,海龍,,
74,雷,技巧,雷電吐息基因【中】,M,10,主動,雷吐息,"對單一敵方造成雷屬性小量傷害。中機率使其陷入麻痺狀態3回合。
【強化1】威力：小幅提升　賦予率：小幅提升
【強化2】威力：中幅提升　賦予率：中幅提升",單體,13,40,麻痺 50% 3回合,奇怪龍、紅怪龍,,
75,雷,速度,雷電吐息基因【大】,L,1,主動,電漿爆射,"對敵方全體造成雷屬性中量傷害。低機率使其陷入麻痺狀態3回合。
【強化1】威力：小幅提升　賦予率：小幅提升
【強化2】威力：中幅提升　賦予率：中幅提升",全體,23,60,麻痺 30% 3回合,電龍、白海龍,,
76,雷,技巧,雷電吐息基因【特大】,XL,30,主動,青電漿,"對敵方全體造成雷屬性大量傷害。中機率使其陷入麻痺狀態3回合。
【強化1】威力：小幅提升　賦予率：小幅提升
【強化2】威力：中幅提升　賦予率：中幅提升",全體,47,113,麻痺 50% 3回合,青電主電龍,,
77,雷,速度,雷擊基因【小】,S,20,主動,雷電迴旋擊,"對敵方全體造成雷屬性小量傷害。低機率使其陷入麻痺狀態3回合。
【強化1】威力：小幅提升　賦予率：小幅提升
【強化2】威力：中幅提升　賦予率：中幅提升",全體,22,40,麻痺 40% 3回合,飛雷龍,,
78,雷,技巧,雷擊基因【中】,M,1,主動,雷霆斬,"對單一敵方造成雷屬性中量傷害。中機率使其陷入麻痺狀態3回合。
【強化1】威力：小幅提升　賦予率：小幅提升
【強化2】威力：中幅提升　賦予率：中幅提升",單體,15,60,麻痺 50% 3回合,青電主電龍,,
79,雷,力量,雷擊基因【大】,L,40,主動,雷霆暴亂,"對敵方全體造成雷屬性中量傷害。低機率使其陷入麻痺狀態3回合。
【強化1】威力：小幅提升　賦予率：小幅提升
【強化2】威力：中幅提升　賦予率：中幅提升",全體,23,60,麻痺 30% 3回合,雷顎龍,,
80,雷,力量,雷擊基因【特大】,XL,1,主動,雷炮,"對敵方全體造成雷屬性大量傷害。低機率使其陷入麻痺狀態3回合。
【強化1】威力：小幅提升　賦予率：小幅提升
【強化2】威力：中幅提升　賦予率：中幅提升",全體,41,114,麻痺 30% 3回合,金獅子,,
81,,,冰吐息基因【小】,S,,,,,,,,,,,
82,,,冰吐息基因【中】,M,,,,,,,,,,,
83,冰,力量,冰吐息基因【大】,L,25,主動,銀嶺爆射,"對敵方全體造成冰屬性中量傷害。低機率使其陷入技能封印狀態2回合。
【強化1】威力：小幅提升　賦予率：小幅提升
【強化2】威力：中幅提升　賦予率：中幅提升",全體,22,60,技能封印 30% 2回合,銀嶺巨獸,,
84,冰,技巧,冰吐息基因【特大】,XL,15,主動,冰鑽震盪波,"對敵方全體造成冰屬性大量傷害。自己的防禦力中幅提升3回合。
【強化1】威力：小幅提升
【強化2】威力：中幅提升",全體,58,115,全屬性防禦力提升[20] 120% 3回合,冰呪龍,,
85,冰,技巧,凍結基因【小】,S,10,主動,凍結氣體,"對敵方全體造成冰屬性小量傷害。
【強化1】威力：小幅提升
【強化2】威力：中幅提升",全體,16,40,,冰鮫鯊,,
86,冰,技巧,凍結基因【中】,M,1,主動,冰槍,"對單一敵方造成冰屬性中量傷害。
【強化1】威力：小幅提升
【強化2】威力：中幅提升",單體,10,60,,冰鮫鯊、加爾克(冰),,
87,冰,技巧,凍結基因【大】,L,40,主動,暴雪吐息,"對敵方全體造成冰屬性大量傷害。必定使其暈眩，賦予防禦力降低3回合。
【強化1】威力：小幅提升
【強化2】威力：中幅提升",全體,50,110,"暈眩 120% 1回合
全屬性防禦力降低[15] 120% 3回合",冰呪龍,,
88,,,凍結基因【特大】,XL,,,,,,,,,,,
89,,,龍吐息基因【小】,S,,,,,,,,,,,
90,,,龍吐息基因【中】,M,,,,,,,,,,,
91,龍,力量,龍吐息基因【大】,L,30,主動,龍息爆射,"對敵方全體造成龍屬性中量傷害。高機率使其會心率降低3回合。
【強化1】威力：小幅提升　賦予率：小幅提升
【強化2】威力：中幅提升　賦予率：中幅提升",全體,28,60,會心率降低[30] 80% 3回合,恐暴龍、加爾克(龍),,
92,,,龍吐息基因【特大】,XL,,,,,,,,,,,
93,無,速度,睡眠基因【小】,S,1,主動,睡眠牙,"對單一敵方造成無屬性小量傷害。低機率使其陷入睡眠狀態1回合。
【強化1】威力：小幅提升　賦予率：小幅提升
【強化2】威力：中幅提升　賦予率：中幅提升",單體,10,40,睡眠 35% 2回合,眠狗龍王,,
94,無,技巧,睡眠基因【中】,M,1,主動,睡眠針,"對單一敵方造成無屬性小量傷害。中機率使其陷入睡眠狀態1回合。
【強化1】威力：小幅提升　賦予率：小幅提升
【強化2】威力：中幅提升　賦予率：中幅提升",單體,11,40,睡眠 50% 2回合,影蜘蛛,,
95,無,技巧,睡眠基因【大】,L,20,主動,睡眠氣體,"對敵方全體造成無屬性中量傷害。中機率使其在發動回合內陷入睡眠狀態。
【強化1】威力：小幅提升　賦予率：小幅提升
【強化2】威力：中幅提升　賦予率：中幅提升",全體,26,60,睡眠 50% 1回合,鎧龍、桃岩龍,,
96,,,睡眠基因【特大】,XL,,,,,,,,,,,
97,無,技巧,毒基因【小】,S,1,主動,毒尾巴,"對單一敵方造成無屬性小量傷害。低機率使其陷入中毒狀態3回合。
【強化1】威力：小幅提升　賦予率：小幅提升
【強化2】威力：中幅提升　賦予率：中幅提升",單體,9,40,毒 35% 3回合,黑狼鳥,,
98,無,速度,毒基因【中】,M,8,主動,毒刺,"對單一敵方造成無屬性中量傷害。中機率使其陷入中毒狀態3回合。
【強化1】威力：小幅提升　賦予率：小幅提升
【強化2】威力：中幅提升　賦予率：中幅提升",單體,12,60,毒 50% 3回合,雌火龍,,
99,水,力量,毒基因【大】,L,10,主動,猛毒危機,"對單一敵方造成水屬性中量傷害。低機率賦予中毒‧雷防禦力‧速度降低。
【強化1】威力：小幅提升　賦予率：小幅提升
【強化2】威力：中幅提升　賦予率：中幅提升",單體,12,60,"毒 35% 2回合
雷屬性防禦力降低[?] 35% 2回合
速度降低[?] 35% 2回合",紫水獸,,
100,,,毒基因【特大】,XL,,,,,,,,,,,
101,無,技巧,毒吐息基因【小】,S,1,主動,猛毒射擊,"對單一敵方造成無屬性小量傷害。中機率使其陷入中毒狀態3回合。
【強化1】威力：小幅提升　賦予率：小幅提升
【強化2】威力：中幅提升　賦予率：中幅提升",單體,10,40,毒 50% 3回合,毒妖鳥,,
102,無,技巧,毒吐息基因【中】,M,15,主動,劇毒爆射,"對敵方全體造成無屬性小量傷害。高機率使其陷入中毒狀態3回合。
【強化1】威力：小幅提升　賦予率：小幅提升
【強化2】威力：中幅提升　賦予率：中幅提升",全體,21,40,毒 80% 3回合,毒妖鳥,,
103,,,毒吐息基因【大】,L,,,,,,,,,,,
104,,,毒吐息基因【特大】,XL,,,,,,,,,,,
105,無,力量,毒液基因【小】,S,1,主動,毒液,"對單一敵方造成無屬性小量傷害。低機率使其陷入中毒狀態3回合。
【強化1】威力：小幅提升　賦予率：小幅提升
【強化2】威力：中幅提升　賦予率：中幅提升",單體,9,40,毒 35% 3回合,毒怪鳥、毒猛龍王,,
106,水,力量,毒液基因【中】,M,1,主動,毒水彈,"對單一敵方造成水屬性小量傷害。低機率使其陷入中毒狀態3回合。
【強化1】威力：小幅提升　賦予率：小幅提升
【強化2】威力：中幅提升　賦予率：中幅提升",單體,9,40,毒 35% 3回合,紫水獸,,
107,,,毒液基因【大】,L,,,,,,,,,,,
108,,,毒液基因【特大】,XL,,,,,,,,,,,
109,無,速度,麻痺基因【小】,S,1,主動,麻痺牙,"對單一敵方造成無屬性小量傷害。低機率使其陷入麻痺狀態3回合。
【強化1】威力：小幅提升　賦予率：小幅提升
【強化2】威力：中幅提升　賦予率：中幅提升",單體,10,40,麻痺 30% 3回合,痺猛龍王,,
110,無,技巧,麻痺基因【中】,M,10,主動,麻痺滑擊,"對單一敵方造成無屬性小量傷害。低機率使其陷入麻痺狀態3回合。
【強化1】威力：小幅提升　賦予率：小幅提升
【強化2】威力：中幅提升　賦予率：中幅提升",單體,11,40,麻痺 20% 3回合,砂龍王,,
111,雷,速度,麻痺基因【大】,L,15,主動,雷霆角,"對單一敵方造成雷屬性中量傷害。中機率使其陷入麻痺狀態3回合。
【強化1】威力：小幅提升　賦予率：小幅提升
【強化2】威力：中幅提升　賦予率：中幅提升",單體,15,60,麻痺 50% 3回合,麒麟,,
112,雷,速度,麻痺基因【特大】,XL,40,主動,雷霆空降,"對單一敵方造成雷屬性大量傷害。低機率使其陷入麻痺狀態3回合。
【強化1】威力：小幅提升　賦予率：小幅提升
【強化2】威力：中幅提升　賦予率：中幅提升",單體,22,113,麻痺 40% 3回合,麒麟,,
113,,,毒蜘蛛基因【小】,S,,,,,,,,,,,
114,無,技巧,毒蜘蛛基因【中】,M,15,主動,追毒痺重擊,"對單一敵方造成無屬性中量傷害。對陷入中毒‧麻痺的敵方造成的傷害提升。
【強化1】威力：小幅提升
【強化2】威力：中幅提升",單體,10,60,對中毒、麻痹狀態傷害提升,毒猛龍王、痺猛龍王、骸蜘蛛,,
115,無,技巧,毒蜘蛛基因【大】,L,1,主動,蛛罰,"對單一敵方造成無屬性中量傷害。低機率使其陷入中毒‧麻痺狀態3回合。
【強化1】威力：小幅提升　賦予率：小幅提升
【強化2】威力：中幅提升　賦予率：中幅提升",單體,13,60,"毒 15% 3回合
麻痺 15% 3回合",骸蜘蛛,,
116,無,技巧,毒蜘蛛基因【特大】,XL,30,主動,毒針,"對單一敵方造成無屬性極小量傷害。高機率使其陷入中毒狀態，低機率即死。
【強化1】即死率：小幅提升
【強化2】即死率：中幅提升",單體,23,20,"毒 80% 2回合
即死 25%",骸蜘蛛,,
117,無,力量,大咆哮基因【小】,S,1,主動,咆哮,"對敵方全體造成無屬性小量傷害。低機率使其陷入擊倒。
【強化1】威力：小幅提升
【強化2】威力：中幅提升",全體,19,40,"擊倒 15% 2回合
設置陷阱[3] 100% 2回合",奇怪龍、黑角龍,,
118,,,大咆哮基因【中】,M,,,,,,,,,,,
119,,,大咆哮基因【大】,L,,,,,,,,,,,
120,無,力量,大咆哮基因【特大】,XL,20,主動,大咆哮,"對敵方全體造成無屬性中量傷害。高機率使其陷入擊倒。
【強化1】威力：小幅提升　賦予率：小幅提升
【強化2】威力：中幅提升　賦予率：中幅提升",全體,25,60,"擊倒 80% 2回合
設置陷阱[3] 120% 2回合",黑轟龍、鏖魔角龍,,
121,無,技巧,惡臭基因【小】,S,1,主動,惡臭氣體,"對單一敵方造成無屬性小量傷害。中機率使其陷入惡臭狀態3回合。
【強化1】威力：小幅提升　賦予率：小幅提升
【強化2】威力：中幅提升　賦予率：中幅提升",單體,10,40,惡臭[100] 50% 3回合,桃毛獸王,,
122,無,技巧,惡臭基因【中】,M,10,主動,惡臭吐息,"對單一敵方造成無屬性小量傷害。中機率使其陷入中毒‧麻痺‧燒傷其一。
【強化1】威力：小幅提升　賦予率：小幅提升
【強化2】威力：中幅提升　賦予率：中幅提升",單體,16,40,"毒 50% 3回合
麻痺 50% 3回合
燒傷 50% 2回合",桃毛獸王、綠毛獸王,,
123,無,技巧,惡臭基因【大】,L,1,主動,爆裂惡臭氣體,"對單一敵方造成無屬性中量傷害。中機率使其陷入惡臭‧爆破異常其一。
【強化1】威力：小幅提升　賦予率：小幅提升
【強化2】威力：中幅提升　賦予率：中幅提升",單體,13,60,"惡臭 50% 3回合
爆破異常 50% 3回合
惡臭 50% 3回合",綠毛獸王,,
124,,,惡臭基因【特大】,XL,,,,,,,,,,,
125,,,爆炎吐息基因【小】,S,,,,,,,,,,,
126,火,力量,爆炎吐息基因【中】,M,1,主動,爆轟吐息,"對單一敵方造成火屬性大量傷害。中機率使其陷入爆破異常狀態。
【強化1】威力：小幅提升　賦予率：小幅提升
【強化2】威力：中幅提升　賦予率：中幅提升",單體,21,110,爆破異常 50% 5回合,黑炎王火龍,,
127,火,力量,爆炎吐息基因【大】,L,15,主動,轟擊爆裂,"對敵方全體造成火屬性大量傷害。低機率使其陷入爆破異常狀態。
【強化1】威力：小幅提升　賦予率：小幅提升
【強化2】威力：中幅提升　賦予率：中幅提升",全體,40,114,爆破異常 35% 5回合,黑炎王火龍,,
128,,,爆炎吐息基因【特大】,XL,,,,,,,,,,,
129,,,粉塵基因【小】,S,,,,,,,,,,,
130,,,粉塵基因【中】,M,,,,,,,,,,,
131,火,力量,粉塵基因【大】,L,1,主動,粉塵,"對敵方全體造成火屬性大量傷害。高機率使其陷入爆破異常狀態。
【強化1】威力：小幅提升　賦予率：小幅提升
【強化2】威力：中幅提升　賦予率：中幅提升",全體,44,110,爆破異常 80% 5回合,大轟龍,,
132,火,無,粉塵基因【特大】,XL,1,主動,粉塵爆炸,"對敵方全體造成隨機次數的火屬性大量傷害。高機率賦予爆破異常。
【強化1】威力：小幅提升　賦予率：小幅提升
【強化2】威力：中幅提升　賦予率：中幅提升",隨機全體,20,110,爆破異常 80% 5回合,炎王龍,,
133,無,力量,猛毒基因【小】,S,20,主動,猛毒液,"對單一敵方造成無屬性小量傷害。低機率使其陷入猛毒狀態3回合。
【強化1】威力：小幅提升　賦予率：小幅提升
【強化2】威力：中幅提升　賦予率：中幅提升",單體,9,40,猛毒 15% 3回合,紫毒鳥,,
134,水,力量,猛毒基因【中】,M,20,主動,猛毒水彈,"對單一敵方造成水屬性中量傷害。高機率使其陷入猛毒狀態3回合。
【強化1】威力：小幅提升　賦予率：小幅提升
【強化2】威力：中幅提升　賦予率：中幅提升",單體,14,60,猛毒 80% 3回合,紫水獸、加爾克(水),,
135,無,技巧,猛毒基因【大】,L,1,主動,猛毒掃擊,"對敵方全體造成無屬性大量傷害。中機率使其陷入猛毒狀態3回合。
【強化1】威力：小幅提升　賦予率：小幅提升
【強化2】威力：中幅提升　賦予率：中幅提升",全體,42,80,猛毒 50% 3回合,紫毒姬雌火龍,,
136,無,速度,猛毒基因【特大】,XL,40,主動,女王劇毒,"對單一敵方造成無屬性大量傷害。高機率使其陷入劇毒狀態3回合。
【強化1】威力：小幅提升　賦予率：小幅提升
【強化2】威力：中幅提升　賦予率：中幅提升",單體,31,113,劇毒 80% 3回合,紫毒姬雌火龍,,
137,,,黏菌基因【小】,S,,,,,,,,,,,
138,火,力量,黏菌基因【中】,M,1,主動,黏菌踩踏,"對單一敵方造成火屬性小量傷害。低機率使其陷入爆破異常狀態。
【強化1】威力：小幅提升　賦予率：小幅提升
【強化2】威力：中幅提升　賦予率：中幅提升",單體,9,40,爆破異常 35% 5回合,碎龍,,
139,火,無,黏菌基因【大】,L,30,主動,爆炸鬥氣,"賦予自己的攻擊爆破異常效果。
【強化0】效果回合：3
【強化1】效果回合：4
【強化2】效果回合：5",自身,5,0,賦予爆破能力 100% 5回合,碎龍,,
140,,,黏菌基因【特大】,XL,,,,,,,,,,,
141,無,無,狂擊基因【小】,S,1,主動,岩石射手,"隨機對單一敵方造成無屬性中量傷害。
【強化1】威力：小幅提升
【強化2】威力：中幅提升",隨機單體,9,60,,轟龍、黑轟龍,,
142,無,無,狂擊基因【中】,M,1,主動,岩石砲,"隨機對單一敵方造成無屬性大量傷害。
【強化1】威力：小幅提升
【強化2】威力：中幅提升",隨機單體,18,110,,荒鉤爪轟龍,,
143,雷,無,狂擊基因【大】,L,1,主動,雷霆,"對敵方全體造成隨機次數的雷屬性大量傷害。低機率賦予麻痺3回合。
【強化1】威力：小幅提升　賦予率：小幅提升
【強化2】威力：中幅提升　賦予率：中幅提升",隨機全體,20,110,麻痺 40% 3回合,麒麟,,
144,,,狂擊基因【特大】,XL,,,,,,,,,,,
145,,,連擊基因【小】,S,,,,,,,,,,,
146,,,連擊基因【中】,M,,,,,,,,,,,
147,冰,無,連擊基因【大】,L,1,主動,冰尖,"對敵方全體造成隨機次數的冰屬性大量傷害。中機率賦予技能封印。
【強化1】威力：小幅提升　賦予率：小幅提升
【強化2】威力：中幅提升　賦予率：中幅提升",隨機全體,19,110,技能封印 50% 2回合,冰呪龍,,
148,雷,無,連擊基因【特大】,XL,1,主動,落雷,"對敵方全體造成隨機次數的雷屬性大量傷害。低機率賦予麻痺3回合。
【強化1】威力：小幅提升　賦予率：小幅提升
【強化2】威力：中幅提升　賦予率：中幅提升",隨機全體,20,113,麻痺 40% 3回合,金雷公雷狼龍,,
149,,,蟲彈基因【小】,S,,,,,,,,,,,
150,雷,速度,蟲彈基因【中】,M,1,主動,雷光蟲彈,"對單一敵方造成雷屬性小量傷害。低機率使其陷入麻痺狀態3回合。
【強化1】威力：小幅提升　賦予率：小幅提升
【強化2】威力：中幅提升　賦予率：中幅提升",單體,11,40,麻痺 40% 3回合,雷狼龍,,
151,龍,技巧,蟲彈基因【大】,L,1,主動,蝕龍蟲彈,"對單一敵方造成龍屬性中量傷害。中機率使其會心率降低3回合。
【強化1】威力：小幅提升　賦予率：小幅提升
【強化2】威力：中幅提升　賦予率：中幅提升",單體,12,60,會心率降低[30] 50% 3回合,獄狼龍,,
152,雷,力量,蟲彈基因【特大】,XL,15,主動,重雷光蟲彈,"對單一敵方造成雷屬性大量傷害。中機率使其陷入麻痺狀態3回合。
【強化1】威力：小幅提升　賦予率：小幅提升
【強化2】威力：中幅提升　賦予率：中幅提升",單體,24,110,麻痺 50% 3回合,金雷公雷狼龍,,
153,無,無,棘彈基因【小】,S,8,主動,刺彈,"對敵方全體造成無屬性小量傷害。
【強化1】威力：小幅提升
【強化2】威力：中幅提升",全體,16,40,,迅龍、綠迅龍,,
154,無,速度,棘彈基因【中】,M,30,主動,昏厥刺彈,"對敵方全體造成無屬性中量傷害。低機率使其陷入暈眩。
【強化1】威力：小幅提升　賦予率：小幅提升
【強化2】威力：中幅提升　賦予率：中幅提升",全體,38,60,暈眩 35% 1回合,綠迅龍,,
155,無,技巧,棘彈基因【大】,L,30,主動,破裂刃鱗,"對敵方全體造成無屬性中量傷害。中機率使其陷入裂傷狀態2回合。
【強化1】威力：小幅提升　賦予率：小幅提升
【強化2】威力：中幅提升　賦予率：中幅提升",全體,25,60,裂傷 50% 2回合,千刃龍,,
156,無,速度,棘彈基因【特大】,XL,15,主動,追蹤刺彈,"對單一敵方造成無屬性大量傷害。無視敵方的迴避率必定命中。
【強化1】威力：小幅提升
【強化2】威力：中幅提升",單體,19,113,必定命中,白疾風迅龍,,
157,無,技巧,投擲基因【小】,S,4,主動,岩石拋投,"對單一敵方造成無屬性小量傷害。
【強化1】威力：小幅提升
【強化2】威力：中幅提升",單體,8,40,,搔鳥,,
158,冰,速度,投擲基因【中】,M,1,主動,巨獸拋投,"對單一敵方造成冰屬性小量傷害。
【強化1】威力：小幅提升
【強化2】威力：中幅提升",單體,8,40,,白兔獸,,
159,冰,力量,投擲基因【大】,L,1,主動,寒冰拋投,"對單一敵方造成冰屬性大量傷害。中機率使其陷入技能封印狀態2回合。
【強化1】威力：小幅提升　賦予率：小幅提升
【強化2】威力：中幅提升　賦予率：中幅提升",單體,21,110,技能封印 50% 2回合,巨獸,,
160,冰,力量,投擲基因【特大】,XL,1,主動,銀嶺雪砲,"對敵方全體造成冰屬性大量傷害。
【強化1】威力：小幅提升
【強化2】威力：中幅提升",全體,38,110,,銀嶺巨獸,,
161,水,技巧,黏液基因【小】,S,1,主動,黏液,"對單一敵方造成水屬性小量傷害。
【強化1】威力：小幅提升
【強化2】威力：中幅提升",單體,8,40,,奇猿狐,,
162,,,黏液基因【中】,M,,,,,,,,,,,
163,火,技巧,黏液基因【大】,L,1,主動,掃射火焰液,"對敵方全體造成火屬性中量傷害。中機率使其陷入燒傷狀態3回合。
【強化1】威力：小幅提升　賦予率：小幅提升
【強化2】威力：中幅提升　賦予率：中幅提升",全體,24,60,燒傷 50% 3回合,白猿狐,,
164,雷,力量,黏液基因【特大】,XL,1,主動,電漿液,"對單一敵方造成雷屬性大量傷害。低機率使其陷入麻痺狀態3回合。
【強化1】威力：小幅提升　賦予率：小幅提升
【強化2】威力：中幅提升　賦予率：中幅提升",單體,22,110,麻痺 40% 3回合,雷顎龍,,
165,,,火罩基因【小】,S,,,,,,,,,,,
166,火,無,火罩基因【中】,M,30,主動,熾紅熱炎,"自己的火屬性攻擊力與防禦力小幅提升。
【強化0】效果回合：3
【強化1】效果回合：4
【強化2】效果回合：5",自身,15,0,"火屬性攻擊力提升[15] 100% 5回合
全屬性防禦力提升[15] 100% 5回合",斬龍、加爾克(火),,
167,,,火罩基因【大】,L,,,,,,,,,,,
168,火,無,火罩基因【特大】,XL,40,主動,絢麗閃焰,"火屬性攻擊力與防禦力中幅提升5回合，並蓄力2回合。
【強化1】各個效果額外獲得小幅提升
【強化2】各個效果額外獲得中幅提升",自身,19,0,"火屬性攻擊力提升[30] 100% 5回合 
全屬性防禦力提升[30] 100% 5回合 
蓄力[100] 100% 2回合",櫻火龍,,
169,,,雷罩基因【小】,S,,,,,,,,,,,
170,雷,無,雷罩基因【中】,M,15,主動,高電壓,"自己的雷屬性攻擊力小幅提升。
【強化0】效果回合：3
【強化1】效果回合：4
【強化2】效果回合：5",自身,6,0,雷屬性攻擊力提升[15] 100% 5回合,飛雷龍、雷狼龍、加爾克(雷),,
171,雷,無,雷罩基因【大】,L,40,主動,極電壓,"自己的雷屬性攻擊力中幅提升，且防禦力小幅提升。
【強化0】效果回合：3
【強化1】效果回合：4
【強化2】效果回合：5",自身,16,0,"雷屬性攻擊力提升[30] 100% 5回合
全屬性防禦力提升[15] 100% 5回合",金雷公雷狼龍,,
172,雷,無,雷罩基因【特大】,XL,15,主動,青電壓,"雷屬性攻擊力與防禦力中幅提升5回合，並蓄力2回合。
【強化1】各個效果額外獲得小幅提升
【強化2】各個效果額外獲得中幅提升",自身,19,0,"雷屬性攻擊力提升[30] 100% 5回合
全屬性防禦力提升[30] 100% 5回合
蓄力[100] 100% 2回合",青電主電龍,,
173,,,冰罩基因【小】,S,,,,,,,,,,,
174,冰,無,冰罩基因【中】,M,20,主動,冰盔甲,"自己的冰屬性攻擊力中幅提升。
【強化0】效果回合：3
【強化1】效果回合：4
【強化2】效果回合：5",自身,7,0,冰屬性攻擊力提升[30] 100% 5回合,冰鮫鯊、冰土砂龍、加爾克(冰),,
175,冰,無,冰罩基因【大】,L,15,主動,雪盔甲,"自己的冰屬性攻擊力小幅提升，且防禦力中幅提升。
【強化0】效果回合：3
【強化1】效果回合：4
【強化2】效果回合：5",自身,17,0,"冰屬性攻擊力提升[15] 100% 5回合
全屬性防禦力提升[30] 100% 5回合",巨獸、銀嶺巨獸,,
176,,,冰罩基因【特大】,XL,,,,,,,,,,,
177,,,龍罩基因【小】,S,,,,,,,,,,,
178,,,龍罩基因【中】,M,,,,,,,,,,,
179,龍,無,龍罩基因【大】,L,15,主動,龍極光,"自己的龍屬性攻擊力與防禦力中幅提升，並額外提升會心率。
【強化0】效果回合：3
【強化1】效果回合：4
【強化2】效果回合：5",自身,24,0,"龍屬性攻擊力提升[30] 100% 5回合
全屬性防禦力提升[30] 100% 5回合
會心率提升[30] 100% 5回合",獄狼龍、加爾克(龍),,
180,,,龍罩基因【特大】,XL,,,,,,,,,,,
181,無,無,治愈基因【小】,S,1,主動,療癒之聲,"使單一我方的體力回復。
【強化0】獲得中量回復。
【強化1】獲得特大回復
【強化2】獲得極大回復",我方單體,36,3,體力回復[?],草食龍,,
182,,,治愈基因【中】,M,,,,,,,,,,,
183,,,治愈基因【大】,L,,,,,,,,,,,
184,,,治愈基因【特大】,XL,,,,,,,,,,,
185,,,回復基因【小】,S,,,,,,,,,,,
186,無,無,回復基因【中】,M,1,主動,蜂蜜力量,"回合開始時，自己的體力獲得微量回復。
【強化0】效果回合：3
【強化1】效果回合：4
【強化2】效果回合：5",自身,26,0,自然回復[10] 100% 5回合,青熊獸,,
187,無,無,回復基因【大】,L,20,主動,蘑菇之力,"自己的體力完全回復。
【強化1】在2回合間，體力獲得微量回復。
【強化2】在2回合間，體力獲得少許回復。",自身,40,100,"體力完全回復
自然回復[?] 100% 2回合",桃毛獸王,,
188,無,無,回復基因【特大】,XL,30,主動,天賦活心,"我方回復1個生命值，無法回復至超過上限。
【強化1】體力獲得微量回復。
【強化2】體力獲得少許回復。",我方單體,96,1,"生命回復[1]
體力回復[?]",草食龍、背甲龍、波波,,
189,無,無,治療基因【小】,S,4,主動,治癒之聲,"治療單一我方的狀態異常。
【強化1】體力獲得少量回復。
【強化2】體力獲得中量回復。",我方單體,16,1,"治療狀態異常
體力回復[?]",草食龍,,
190,無,無,治療基因【中】,M,10,主動,治療咆哮,"治療我方全體的狀態異常。
【強化1】體力獲得極小回復。
【強化2】體力獲得微量回復。",我方全體,20,0,"治療狀態異常
體力回復[?]",波波,,
191,,,治療基因【大】,L,,,,,,,,,,,
192,,,治療基因【特大】,XL,,,,,,,,,,,
193,,,羈絆回復基因【小】,S,,,,,,,,,,,
194,,,羈絆回復基因【中】,M,,,,,,,,,,,
195,火,無,羈絆回復基因【大】,L,40,主動,太陽咆哮,"增加羈絆值。
【強化0】羈絆值增加量：30
【強化1】羈絆值增加量：35
【強化2】羈絆值增加量：40",自身,20,0,,擂斯、銀火龍,,
196,,,羈絆回復基因【特大】,XL,,,,,,,,,,,
197,,,硬化基因【小】,S,,,,,,,,,,,
198,,,硬化基因【中】,M,,,,,,,,,,,
199,無,無,硬化基因【大】,L,1,主動,硬化身體,"自己的防禦力中幅提升。
【強化0】效果回合：3
【強化1】效果回合：4
【強化2】效果回合：5",自身,17,0,全屬性防禦力提升[30] 100% 5回合,岩龍、桃岩龍、黑鎧龍,,
200,,,硬化基因【特大】,XL,,,,,,,,,,,
201,無,無,防禦基因【小】,S,1,主動,岩石盾,"自己的防禦力小幅提升。
【強化0】效果回合：3
【強化1】效果回合：4
【強化2】效果回合：5",自身,16,0,全屬性防禦力提升[15] 100% 5回合,搔鳥,,
202,無,無,防禦基因【中】,M,30,主動,完美防禦,"在1回合間，自己承受的傷害大幅減輕。
【強化1】效果量：中幅提升
【強化2】效果量：大幅提升",自身,11,0,防禦減傷[80] 100% 1回合,綠毛獸王,,
203,,,防禦基因【大】,L,,,,,,,,,,,
204,,,防禦基因【特大】,XL,,,,,,,,,,,
205,,,瞄準基因【小】,S,,,,,,,,,,,
206,,,瞄準基因【中】,M,,,,,,,,,,,
207,無,無,瞄準基因【大】,L,20,主動,瞄準,"下個回合，自己的命中率提升。
【強化1】命中率：中幅提升
【強化2】命中率：大幅提升",自身,6,0,命中率提升[100] 100% 5回合,轟龍、白一角龍,,
208,,,瞄準基因【特大】,XL,,,,,,,,,,,
209,無,無,俊敏基因【小】,S,1,主動,研磨刀刃,"自己的攻擊力與會心率小幅提升。
【強化0】效果回合：3
【強化1】效果回合：4
【強化2】效果回合：5",自身,15,0,"全屬性攻擊力提升[15] 100% 5回合
會心率提升[15] 100% 5回合",迅龍、加爾克(無),,
210,無,無,俊敏基因【中】,M,1,主動,隱秘,"自己的迴避率與會心率小幅提升。
【強化0】效果回合：3
【強化1】效果回合：4
【強化2】效果回合：5",自身,21,0,"迴避率提升[15] 100% 5回合
會心率提升[15] 100% 5回合",綠迅龍,,
211,,,俊敏基因【大】,L,,,,,,,,,,,
212,,,俊敏基因【特大】,XL,,,,,,,,,,,
213,,,回避基因【小】,S,,,,,,,,,,,
214,,,回避基因【中】,M,,,,,,,,,,,
215,無,無,回避基因【大】,L,30,主動,看破,"在使用回合中，迴避敵方對自己的攻擊。
【強化0】迴避次數：1
【強化1】迴避次數：2
【強化2】迴避次數：3",自身,21,0,絕對迴避[3] 100% 1回合,風牙龍、火龍,,
216,無,無,回避基因【特大】,XL,1,主動,白影殘,"迴避敵方對自己的攻擊。
【強化0】僅在使用回合中有效，可迴避1次。
【強化1】僅在使用回合中有效，可迴避2次。
【強化2】2回合間有效，可迴避2次。迴避次數可延續。",自身,21,0,絕對迴避[2] 100% 2回合,白疾風迅龍,,
217,無,無,怒吼基因【小】,S,1,主動,攻擊咆哮,"我方全體的全屬性攻擊力小幅提升。
【強化0】效果回合：3
【強化1】效果回合：4
【強化2】效果回合：5",我方全體,19,0,全屬性攻擊力提升[15] 100% 5回合,狗龍王,,
218,無,無,怒吼基因【中】,M,1,主動,突擊咆哮,"我方全體的全屬性攻擊力中幅提升。
【強化0】效果回合：3
【強化1】效果回合：4
【強化2】效果回合：5",我方全體,20,0,全屬性攻擊力提升[20] 100% 5回合,一角龍,,
219,無,無,怒吼基因【大】,L,15,主動,猛擊咆哮,"我方全體的全屬性攻擊力大幅提升。
【強化0】效果回合：3
【強化1】效果回合：4
【強化2】效果回合：5",我方全體,21,0,全屬性攻擊力提升[30] 100% 5回合,千刃龍、加爾克(水),,
220,火,無,怒吼基因【特大】,XL,15,主動,轟炸咆哮,"我方全體的爆破類傷害中幅提升。
【強化0】效果回合：3
【強化1】效果回合：4
【強化2】效果回合：5",我方全體,10,0,爆破傷害提升[25] 100% 5回合,爆鱗龍,,
221,,,蓄力基因【小】,S,,,,,,,,,,,
222,無,無,蓄力基因【中】,M,20,主動,強能蓄力,"下個回合，自己的全屬性攻擊力特大提升。
【強化1】效果量：中幅提升
【強化2】效果量：大幅提升",自身,10,0,"全屬性攻擊力提升[?]
蓄力[120] 100% 2回合",野豬王、角龍、黑角龍,,
223,,,蓄力基因【大】,L,,,,,,,,,,,
224,無,無,蓄力基因【特大】,XL,15,主動,高能蓄力,"在2回合間，自己的全屬性攻擊力大幅提升。
【強化1】效果量：中幅提升
【強化2】效果量：大幅提升",自身,10,0,"全屬性攻擊力提升[?]
蓄力[80] 100% 3回合",金獅子,,
225,無,無,威壓基因【小】,S,4,主動,威壓,"高機率使敵方全體的全屬性攻擊力小幅降低3回合。
【強化1】　賦予率：小幅提升
【強化2】　賦予率：中幅提升",全體,19,0,全屬性攻擊力降低[15] 100% 3回合,迅猛龍王,,
226,,,威壓基因【中】,M,,,,,,,,,,,
227,無,無,威壓基因【大】,L,40,主動,王者威壓,"高機率使敵方全體的全屬性攻擊力中幅降低3回合。
【強化1】　賦予率：小幅提升
【強化2】　賦予率：中幅提升",全體,21,0,全屬性攻擊力降低[30] 100% 3回合,白海龍,,
228,無,無,威壓基因【特大】,XL,40,主動,古龍威壓,"高機率使敵方全體的全屬性攻擊力與全屬性防禦力中幅降低3回合。
【強化1】　賦予率：小幅提升
【強化2】　賦予率：中幅提升",全體,40,0,"全屬性攻擊力降低[30] 100% 3回合
全屬性防禦力降低[15] 100% 3回合",鋼龍,,
229,無,無,盲眼基因【小】,S,10,主動,閃光,"中機率使敵方全體陷入盲眼狀態3回合。
【強化1】　賦予率：小幅提升
【強化2】　賦予率：中幅提升",全體,4,0,盲眼[20] 50% 3回合,毒怪鳥、紫毒鳥,,
230,水,速度,盲眼基因【中】,M,1,主動,飛沙射擊,"對單一敵方造成水屬性小量傷害。中機率使其陷入盲眼狀態。
【強化1】威力：小幅提升　賦予率：小幅提升
【強化2】威力：中幅提升　賦予率：中幅提升",單體,10,40,盲眼[20] 50% 3回合,砂龍王、加爾克(水),,
231,,,盲眼基因【大】,L,,,,,,,,,,,
232,,,盲眼基因【特大】,XL,,,,,,,,,,,
233,冰,力量,雪罩基因【小】,S,1,主動,濺雪,"對單一敵方造成冰屬性小量傷害。低機率使其陷入技能封印狀態2回合。
【強化1】威力：小幅提升　賦予率：小幅提升
【強化2】威力：中幅提升　賦予率：中幅提升",單體,9,40,技能封印 35% 2回合,冰牙龍、波波、冰土砂龍,,
234,,,雪罩基因【中】,M,,,,,,,,,,,
235,,,雪罩基因【大】,L,,,,,,,,,,,
236,,,雪罩基因【特大】,XL,,,,,,,,,,,
237,,,熱線基因【小】,S,,,,,,,,,,,
238,火,力量,熱線基因【中】,M,1,主動,擴散熱線,"對敵方全體造成無視防禦力的火屬性傷害。高機率使其陷入燒傷。
【強化1】威力：小幅提升　賦予率：小幅提升
【強化2】威力：中幅提升　賦予率：中幅提升",全體,24,x1,"無視防禦力
燒傷 80% 3回合",鎧龍,,
239,火,力量,熱線基因【大】,L,15,主動,熱線,"對單一敵方造成無視防禦力的火屬性傷害。高機率使其陷入燒傷。
【強化1】威力：小幅提升　賦予率：小幅提升
【強化2】威力：中幅提升　賦予率：中幅提升",單體,14,x1,"無視防禦力
燒傷 80% 3回合",黑鎧龍,,
240,火,無,熱線基因【特大】,XL,30,主動,蓄力擴散熱線,"下個回合，對敵方全體發動無視防禦力的火屬性攻擊。高機率賦予燒傷。
【強化1】威力：小幅提升　賦予率：小幅提升
【強化2】威力：中幅提升　賦予率：中幅提升",自身,36,20,"蓄力[100] 120% 2回合
無視防禦力
燒傷 80% 3回合",黑鎧龍,,
241,,,亂舞基因【小】,S,,,,,,,,,,,
242,,,亂舞基因【中】,M,,,,,,,,,,,
243,火,速度,亂舞基因【大】,L,15,主動,女王制裁,"對單一敵方造成火屬性大量傷害。低機率使其陷入燒傷狀態3回合。
【強化1】威力：小幅提升　賦予率：小幅提升
【強化2】威力：中幅提升　賦予率：中幅提升",單體,20,114,燒傷 35% 3回合,金火龍,,
244,火,力量,亂舞基因【特大】,XL,15,主動,王者制裁,"對單一敵方造成火屬性大量傷害。低機率使其陷入燒傷狀態3回合。
【強化1】威力：小幅提升　賦予率：小幅提升
【強化2】威力：中幅提升　賦予率：中幅提升",單體,20,114,燒傷 35% 3回合,銀火龍,,
245,,,龍捲基因【小】,S,,,,,,,,,,,
246,冰,速度,龍捲基因【中】,M,10,主動,冰旋風,"對敵方全體造成冰屬性小量傷害。低機率使其陷入技能封印狀態2回合。
【強化1】威力：小幅提升　賦予率：小幅提升
【強化2】威力：中幅提升　賦予率：中幅提升",全體,18,40,技能封印 35% 2回合,冰牙龍、加爾克(冰),,
247,無,技巧,龍捲基因【大】,L,1,主動,陷阱旋風,"對敵方全體造成無屬性中量傷害。引發龍捲並持續造成小量傷害。
【強化1】威力：小幅提升
【強化2】威力：中幅提升",全體,30,60,龍捲異常 120% 3回合,鋼龍、風牙龍,,
248,,,龍捲基因【特大】,XL,,,,,,,,,,,
249,,,一擊必殺基因【小】,S,,,,,,,,,,,
250,無,力量,一擊必殺基因【中】,M,1,主動,致命銳角,"對單一敵方造成無屬性小量傷害。低機率即死。
【強化1】　賦予率：小幅提升
【強化2】　賦予率：中幅提升",單體,28,20,即死 30%,白一角龍,,
251,,,一擊必殺基因【大】,L,,,,,,,,,,,
252,,,一擊必殺基因【特大】,XL,,,,,,,,,,,
253,無,力量,雪上加霜基因P,L,30,主動,追全異常重擊P,"對單一敵方造成無屬性中量傷害。對狀態異常的敵方造成的傷害大幅提升。
【強化1】威力：小幅提升
【強化2】威力：中幅提升",單體,10,60,對異常狀態傷害提升,毒怪鳥,,
254,無,速度,雪上加霜基因S,L,30,主動,追全異常重擊S,"對單一敵方造成無屬性中量傷害。對狀態異常的敵方造成的傷害大幅提升。
【強化1】威力：小幅提升
【強化2】威力：中幅提升",單體,10,60,對異常狀態傷害提升,砂龍王、加爾克(無),,
255,無,技巧,雪上加霜基因T,L,30,主動,追全異常重擊T,"對單一敵方造成無屬性中量傷害。對狀態異常的敵方造成的傷害大幅提升。
【強化1】威力：小幅提升
【強化2】威力：中幅提升",單體,10,60,對異常狀態傷害提升,黑狼鳥,,
256,火,力量,陷阱基因P,L,30,主動,炸彈陷阱,"設置一個會在2回合後發動的火屬性陷阱。中機率賦予爆破異常。
※在正面對決中落敗時將無法設置成功。
【強化1】　賦予率：小幅提升
【強化2】　賦予率：中幅提升",單體,15,0,身陷爆彈陷阱[50] 100% 3回合,爆鎚龍,,
257,火,速度,陷阱基因S,L,40,主動,狐火陷阱,"設置一個會在2回合後發動的火屬性陷阱。中機率賦予燒傷。
※在正面對決中落敗時將無法設置成功。
【強化1】　賦予率：小幅提升
【強化2】　賦予率：中幅提升",單體,15,0,身陷狐火陷阱[50] 100% 3回合,天眼泡狐龍,,
258,雷,技巧,陷阱基因T,L,20,主動,雷陷阱,"設置一個會在2回合後發動的雷屬性陷阱。中機率賦予麻痺。
※在正面對決中落敗時將無法設置成功。
【強化1】　賦予率：小幅提升
【強化2】　賦予率：中幅提升",單體,15,0,身陷電磁陷阱[50] 100% 3回合,紅怪龍,,
259,火,力量,引爆基因【小】,S,1,主動,一觸即發,"對單一敵方造成火屬性小量傷害。立即引爆爆破異常狀態。
【強化1】威力：小幅提升
【強化2】威力：中幅提升",單體,13,40,引爆爆破異常狀態 100% 1回合,爆鎚龍,,
260,火,技巧,引爆基因【中】,M,1,主動,爆燃吐息,"對敵方全體造成火屬性中量傷害。立即引爆爆破異常狀態。
【強化1】威力：小幅提升
【強化2】威力：中幅提升",全體,30,60,引爆爆破異常狀態 100% 1回合,爆鱗龍,,
261,火,速度,引爆基因【大】,L,40,主動,爆燃踢,"對單一敵方造成火屬性大量傷害。立即引爆爆破異常狀態。
【強化1】威力：小幅提升
【強化2】威力：中幅提升",單體,24,110,引爆爆破異常狀態 100% 1回合,大轟龍,,
262,火,力量,引爆基因【特大】,XL,15,主動,爆燃閃焰,"對敵方全體造成火屬性大量傷害。立即引爆爆破異常狀態。
【強化1】威力：小幅提升
【強化2】威力：中幅提升",全體,48,110,引爆爆破異常狀態 100% 1回合,炎王龍,,
263,,,吸血基因【小】,S,,,,,,,,,,,
264,雷,技巧,吸血基因【中】,M,20,主動,噬能,"對單一敵方造成雷屬性中量傷害。根據造成傷害的比例回復體力。
【強化1】體力回復力：小幅提升
【強化2】體力回復力：中幅提升",單體,17,50,體力回復[傷害值20%],奇怪龍、加爾克(雷),,
265,龍,力量,吸血基因【大】,L,15,主動,噬龍,"對單一敵方造成龍屬性中量傷害。根據造成傷害的比例回復體力。
【強化1】體力回復力：小幅提升
【強化2】體力回復力：中幅提升",單體,20,50,體力回復[傷害值25%],恐暴龍、加爾克(龍),,
266,,,吸血基因【特大】,XL,,,,,,,,,,,
267,無,技巧,氣體基因【小】,S,8,主動,毒氣體,"對敵方全體造成無屬性小量傷害。高機率使其陷入中毒狀態3回合。
【強化1】威力：小幅提升　賦予率：小幅提升
【強化2】威力：中幅提升　賦予率：中幅提升",全體,21,40,毒 80% 3回合,岩龍,,
268,火,力量,氣體基因【中】,M,15,主動,焰熱氣體,"對敵方全體造成火屬性小量傷害。高機率使其陷入燒傷狀態3回合。
【強化1】威力：小幅提升　賦予率：小幅提升
【強化2】威力：中幅提升　賦予率：中幅提升",全體,24,40,燒傷 80% 3回合,岩龍,,
269,無,技巧,氣體基因【大】,L,10,主動,猛毒氣體,"對敵方全體造成無屬性中量傷害。高機率使其陷入猛毒狀態3回合。
【強化1】威力：小幅提升　賦予率：小幅提升
【強化2】威力：中幅提升　賦予率：中幅提升",全體,28,60,猛毒 80% 3回合,桃岩龍,,
270,,,氣體基因【特大】,XL,,,,,,,,,,,
271,水,無,濁水基因【小】,S,20,主動,泥盔甲,"自己的火屬性防禦力提升，且水屬性防禦力降低。
【強化0】效果回合：3
【強化1】效果回合：4
【強化2】效果回合：5",自身,10,0,"火屬性防禦力提升[30] 100% 5回合
水屬性防禦力降低[30] 100% 5回合",土砂龍,,
272,水,速度,濁水基因【中】,M,1,主動,濺泥,"對單一敵方造成水屬性小量傷害。低機率使其速度降低。
【強化1】威力：小幅提升　賦予率：小幅提升
【強化2】威力：中幅提升　賦予率：中幅提升",單體,9,40,速度降低[1] 35% 2回合,土砂龍,,
273,,,濁水基因【大】,L,,,,,,,,,,,
274,,,濁水基因【特大】,XL,,,,,,,,,,,
275,水,力量,潑水基因【小】,S,1,主動,洪水危機,"對單一敵方造成水屬性小量傷害。高機率使其雷防禦力與速度降低。
【強化1】威力：小幅提升　賦予率：小幅提升
【強化2】威力：中幅提升　賦予率：中幅提升",單體,13,40,"雷屬性防禦力降低[30] 80% 2回合
速度降低[1] 80% 2回合",水獸,,
276,,,潑水基因【中】,M,,,,,,,,,,,
277,,,潑水基因【大】,L,,,,,,,,,,,
278,,,潑水基因【特大】,XL,,,,,,,,,,,
279,,,狂熱化基因【小】,S,,,,,,,,,,,
280,,,狂熱化基因【中】,M,,,,,,,,,,,
281,龍,無,狂熱化基因【大】,L,1,主動,狂熱化,"自己的攻擊力大幅提升，且防禦力中幅降低。
【強化0】效果回合：3
【強化1】效果回合：4
【強化2】效果回合：5",自身,24,0,"全屬性攻擊力提升[70] 100% 5回合
全屬性防禦力降低[30] 100% 5回合",恐暴龍,,
282,,,狂熱化基因【特大】,XL,,,,,,,,,,,
283,,,鐵面皮基因【小】,S,,,,,,,,,,,
284,無,無,鐵面皮基因【中】,M,20,主動,鐵面具,"所有狀態異常對自己無效。
【強化0】效果回合：3
【強化1】效果回合：4
【強化2】效果回合：5",自身,2,0,狀態異常無效 100% 5回合,白猿狐,,
285,,,鐵面皮基因【大】,L,,,,,,,,,,,
286,,,鐵面皮基因【特大】,XL,,,,,,,,,,,
287,,,月輪基因【小】,S,,,,,,,,,,,
288,,,月輪基因【中】,M,,,,,,,,,,,
289,無,無,月輪基因【大】,L,40,主動,月輪咆哮,"高機率解除敵方全體的輔助效果。
【強化1】機率：小幅提升
【強化2】必定解除",全體,2,0,,金火龍,,
290,,,月輪基因【特大】,XL,,,,,,,,,,,
291,冰,速度,凍氣基因【小】,S,1,主動,冰霜暴風,"對單一敵方造成冰屬性小量傷害。
【強化1】威力：小幅提升
【強化2】威力：中幅提升",單體,8,40,,風漂龍,,
292,,,凍氣基因【中】,M,,,,,,,,,,,
293,冰,力量,凍氣基因【大】,L,25,主動,寒霜爆裂,"對敵方全體造成冰屬性中量傷害。低機率使其陷入技能封印狀態2回合。
【強化1】威力：小幅提升　賦予率：小幅提升
【強化2】威力：中幅提升　賦予率：中幅提升",全體,22,60,技能封印 30% 2回合,風漂龍,,
294,,,凍氣基因【特大】,XL,,,,,,,,,,,
295,,,風牙基因【小】,S,,,,,,,,,,,
296,,,風牙基因【中】,M,,,,,,,,,,,
297,無,速度,風牙基因【大】,L,15,主動,追旋風重擊,"對單一敵方造成無屬性中量傷害。對陷入龍捲的敵方造成的傷害提升。
【強化1】威力：小幅提升
【強化2】威力：中幅提升",單體,10,60,對龍捲異常狀態傷害提升,風牙龍,,
298,,,風牙基因【特大】,XL,,,,,,,,,,,
299,,,白兔基因【小】,S,,,,,,,,,,,
300,冰,速度,白兔基因【中】,M,15,主動,履冰滑擊,"對單一敵方造成冰屬性小量傷害。命中率低，但命中時必定會心。
【強化1】命中率：小幅提升
【強化2】命中率：中幅提升",單體,18,35,命中率低但必定會心,白兔獸,,
301,,,白兔基因【大】,L,,,,,,,,,,,
302,,,白兔基因【特大】,XL,,,,,,,,,,,
303,,,電殼龍基因【小】,S,,,,,,,,,,,
304,,,電殼龍基因【中】,M,,,,,,,,,,,
305,雷,無,電殼龍基因【大】,L,30,主動,雷鬥氣,"賦予自己的攻擊麻痺效果。
【強化0】效果回合：3
【強化1】效果回合：4
【強化2】效果回合：5",自身,5,0,賦予麻痺能力 100% 5回合,海龍,,
306,,,電殼龍基因【特大】,XL,,,,,,,,,,,
307,,,狐火基因【小】,S,,,,,,,,,,,
308,,,狐火基因【中】,M,,,,,,,,,,,
309,水,無,狐火基因【大】,L,15,主動,整毛,"自己的水屬性攻擊力中幅提升，且雷屬性防禦力中幅降低。
【強化0】效果回合：3
【強化1】效果回合：4
【強化2】效果回合：5",自身,10,0,"水屬性攻擊力提升[30] 100% 5回合
雷屬性防禦力降低[30] 100% 5回合",天眼泡狐龍,,
310,,,狐火基因【特大】,XL,,,,,,,,,,,
311,,,幻獸基因【小】,S,,,,,,,,,,,
312,,,幻獸基因【中】,M,,,,,,,,,,,
313,冰,無,幻獸基因【大】,L,1,主動,冰鬥氣,"賦予自己的攻擊技能封印效果。
【強化0】效果回合：3
【強化1】效果回合：4
【強化2】效果回合：5",,5,0,,冰麒麟,,
314,冰,速度,幻獸基因【特大】,XL,40,主動,冰尖災禍,對敵方全體造成冰屬性大量傷害。高幾率使其陷入技能封印狀態2回合。,,40,0,,冰麒麟,,
315,,,迅龍基因【小】,S,,,,,,,,,,,
316,無,速度,迅龍基因【中】,M,15,主動,奪命尾巴,"對單一敵方造成無屬性中量傷害。會心率高。
【強化1】威力：小幅提升
【強化2】威力：中幅提升",單體,20,60,會心率[20],迅龍,,
317,,,迅龍基因【大】,L,,,,,,,,,,,
318,,,迅龍基因【特大】,XL,,,,,,,,,,,
319,,,重殼龍基因【小】,S,,,,,,,,,,,
320,無,力量,重殼龍基因【中】,M,10,主動,奪命衝擊,"對單一敵方造成無屬性中量傷害。會心率高。
【強化1】威力：小幅提升
【強化2】威力：中幅提升",單體,20,60,會心率[20],鎧龍,,
321,,,重殼龍基因【大】,L,,,,,,,,,,,
322,,,重殼龍基因【特大】,XL,,,,,,,,,,,
323,,,影蜘蛛基因【小】,S,,,,,,,,,,,
324,無,技巧,影蜘蛛基因【中】,M,10,主動,追眠重擊,"對單一敵方造成無屬性中量傷害。對陷入睡眠的敵方造成的傷害提升。
【強化1】威力：小幅提升
【強化2】威力：中幅提升",單體,10,60,對睡眠狀態傷害提升,眠狗龍王、影蜘蛛,,
325,,,影蜘蛛基因【大】,L,,,,,,,,,,,
326,,,影蜘蛛基因【特大】,XL,,,,,,,,,,,
327,,,火龍基因【小】,S,,,,,,,,,,,
328,火,無,火龍基因【中】,M,30,主動,烈焰鬥氣,"賦予自己的攻擊燒傷效果。
【強化0】效果回合：3
【強化1】效果回合：4
【強化2】效果回合：5",自身,5,0,賦予燒傷能力 100% 5回合,蒼火龍,,
329,,,火龍基因【大】,L,,,,,,,,,,,
330,,,火龍基因【特大】,XL,,,,,,,,,,,
331,,,千裂爪基因【小】,S,,,,,,,,,,,
332,無,技巧,千裂爪基因【中】,M,1,主動,千裂爪,"對單一敵方造成無屬性大量傷害。高機率使其陷入裂傷狀態2回合。
【強化1】威力：小幅提升　賦予率：小幅提升
【強化2】威力：中幅提升　賦予率：中幅提升",單體,24,110,裂傷 80% 2回合,千刃龍、加爾克(無),,
333,,,千裂爪基因【大】,L,,,,,,,,,,,
334,,,千裂爪基因【特大】,XL,,,,,,,,,,,
335,,,泡舞基因【小】,S,,,,,,,,,,,
336,,,泡舞基因【中】,M,,,,,,,,,,,
337,無,無,泡舞基因【大】,L,30,主動,泡沫之舞,"迴避敵方對自己的攻擊1次。
【強化0】僅在使用回合中有效。
【強化1】僅在使用回合中有效，體力獲得微量回復
【強化2】在2回合間，維持迴避效果，體力獲得微量回復。",自身,21,0,"絕對迴避[1] 200% 2回合
自然恢復[10] 100% 2回合",泡狐龍,,
338,,,泡基因【特大】,XL,,,,,,,,,,,
339,,,滅盡基因【小】,S,,,,,,,,,,,
340,,,滅盡基因【中】,M,,,,,,,,,,,
341,無,速度,滅盡基因【大】,L,1,主動,滅盡掌,"對單一敵方造成無屬性中量傷害。會心率高。
【強化1】威力：小幅提升會心率：小幅提升
【強化2】威力：中幅提升會心率：中幅提升",單體,20,60,會心率[20],滅盡龍,,
342,無,力量,滅盡基因【特大】,XL,30,主動,破棘滅盡旋‧天,"對敵方全體造成無屬性極大量傷害。自己的防禦力降低3回合，體力自動回復。
【強化1】威力：小幅提升
【強化2】威力：中幅提升",全體,50,154,"全屬性防禦力降低[30] 100% 3回合
自然恢復[20] 100% 3回合",滅盡龍,,
343,火,無,蠻顎基因【小】,S,1,主動,熱炎提升,"自己的火屬性攻擊力小幅提升。
【強化0】效果回合：3
【強化1】效果回合：4
【強化2】效果回合：5",自身,6,0,火屬性攻擊力提升[15] 100% 5回合,蠻顎龍,,
344,火,力量,蠻顎基因【中】,M,10,主動,燃火爆射,"對敵方全體造成火屬性中量傷害。低機率使其陷入燒傷狀態3回合。
【強化1】威力：小幅提升　賦予率：小幅提升
【強化2】威力：中幅提升　賦予率：中幅提升",全體,22,60,燒傷 35% 3回合,蠻顎龍,,
345,,,蠻顎基因【大】,L,,,,,,,,,,,
346,,,蠻顎基因【特大】,XL,,,,,,,,,,,
347,,,狼龍基因【小】,S,,,,,,,,,,,
348,,,狼龍基因【中】,M,,,,,,,,,,,
349,雷,速度,狼龍基因【大】,L,30,主動,雷迅掌,"對單一敵方造成雷屬性大量傷害。中機率使其陷入麻痺狀態3回合。
【強化1】威力：小幅提升　賦予率：小幅提升
【強化2】威力：中幅提升　賦予率：中幅提升",單體,24,110,麻痺 50% 3回合,雷狼龍,,
350,龍,技巧,狼龍基因【特大】,XL,30,主動,龍神掌,"對單一敵方造成龍屬性大量傷害。高機率使其會心率降低3回合。
【強化1】威力：小幅提升　賦予率：小幅提升
【強化2】威力：中幅提升　賦予率：中幅提升",單體,23,110,會心率降低[30] 80% 3回合,獄狼龍,,
351,,,剛力歌基因【小】,S,,,,,,,,,,,
352,無,無,剛力歌基因【中】,M,15,主動,剛力歌,"我方全體的全屬性攻擊力小幅提升。
【強化0】效果回合：3
【強化1】效果回合：4
【強化2】效果回合：5",我方全體,20,0,全屬性攻擊力提升[20] 100% 5回合,彩鳥,,
353,,,剛力歌基因【大】,L,,,,,,,,,,,
354,,,剛力歌基因【特大】,XL,,,,,,,,,,,
355,,,堅守歌基因【小】,S,,,,,,,,,,,
356,無,無,堅守歌基因【中】,M,8,主動,堅守歌,"我方全體的全屬性防禦力小幅提升。
【強化0】效果回合：3
【強化1】效果回合：4
【強化2】效果回合：5",我方全體,20,0,全屬性防禦力提升[20] 100% 5回合,彩鳥,,
357,,,堅守歌基因【大】,L,,,,,,,,,,,
358,,,堅守歌基因【特大】,XL,,,,,,,,,,,
359,,,奪力歌基因【小】,S,,,,,,,,,,,
360,無,無,奪力歌基因【中】,M,20,主動,弱化歌,"高機率使敵方全體的全屬性攻擊力小幅降低。
【強化0】效果回合：3
【強化1】效果回合：4
【強化2】效果回合：5",全體,16,0,全屬性攻擊力降低[20] 80% 5回合,紅彩鳥,,
361,,,奪力歌基因【大】,L,,,,,,,,,,,
362,,,奪力歌基因【特大】,XL,,,,,,,,,,,
363,,,軟弱歌基因【小】,S,,,,,,,,,,,
364,無,無,軟弱歌基因【中】,M,10,主動,碎力歌,"高機率使敵方全體的全屬性防禦力小幅降低。
【強化0】效果回合：3
【強化1】效果回合：4
【強化2】效果回合：5",全體,16,0,全屬性防禦力降低[20] 80% 5回合,紅彩鳥,,
365,,,軟弱歌基因【大】,L,,,,,,,,,,,
366,,,軟弱歌基因【特大】,XL,,,,,,,,,,,
367,,,,,,,,,,,,,,,
368,,,,,,,,,,,,,,,
369,,,,,,,,,,,,,,,
370,,,,,,,,,,,,,,,
371,,,,,,,,,,,,,,,
372,,,,,,,,,,,,,,,
373,,,,,,,,,,,,,,,
374,,,,,,,,,,,,,,,
375,,,,,,,,,,,,,,,
376,,,,,,,,,,,,,,,
377,,,,,,,,,,,,,,,
378,,,,,,,,,,,,,,,
379,,,,,,,,,,,,,,,
380,,,,,,,,,,,,,,,
381,,,,,,,,,,,,,,,
382,,,,,,,,,,,,,,,
383,,,,,,,,,,,,,,,
384,,,,,,,,,,,,,,,
385,,,,,,,,,,,,,,,
386,,,,,,,,,,,,,,,
387,,,,,,,,,,,,,,,
388,,,,,,,,,,,,,,,
389,,,,,,,,,,,,,,,
390,,,,,,,,,,,,,,,
391,,,,,,,,,,,,,,,
392,,,,,,,,,,,,,,,
393,,,,,,,,,,,,,,,
394,,,,,,,,,,,,,,,
395,,,,,,,,,,,,,,,
396,,,,,,,,,,,,,,,
397,,,,,,,,,,,,,,,
398,,,,,,,,,,,,,,,
399,,,,,,,,,,,,,,,
400,,,,,,,,,,,,,,,
401,無,力量,體力提升基因【小】,S,1,被動,體力增強【小】,"體力上限極少量提升。
【強化0】體力上限極小提升。
【強化1】體力上限微量提升。
【強化2】體力上限少量提升。",,,,體力增強[30],,草食龍、怪鳥、搔鳥、野豬王、迅猛龍王、青熊獸、背甲龍、青怪鳥、彩鳥、狗龍王、迅龍、浮空龍、岩龍、雌火龍、水獸、蠻顎龍、白兔獸、奇猿狐、白猿狐、毒怪鳥、冰鮫鯊、眠狗龍王、飛雷龍、綠迅龍、奇怪龍、紅怪龍、波波、土砂龍、冰土砂龍,草食龍、怪鳥、搔鳥、野豬王、迅猛龍王、青熊獸、背甲龍、青怪鳥、彩鳥、狗龍王、迅龍、浮空龍、岩龍、雌火龍、水獸、蠻顎龍、白兔獸、奇猿狐、白猿狐、毒怪鳥、冰鮫鯊、眠狗龍王、飛雷龍、綠迅龍、奇怪龍、紅怪龍、波波、土砂龍、冰土砂龍
402,無,力量,體力提升基因【中】,M,1,被動,體力增強【中】,"體力上限中量提升。
【強化0】體力上限少量提升。
【強化1】體力上限小量提升。
【強化2】體力上限中量提升。",,,,體力增強[40],,冰牙龍、風漂龍、爆鎚龍、鎧龍、紅彩鳥、泡狐龍、角龍、黑角龍、轟龍、黑轟龍、砂龍王、桃岩龍、一角龍、白一角龍、海龍、紫水獸、巨獸、黑鎧龍、雷狼龍、獄狼龍、斬龍、爆鱗龍、碎龍、電龍、白海龍、恐暴龍、千刃龍、風牙龍、金獅子、荒鉤爪轟龍、雷顎龍、白疾風迅龍、鏖魔角龍、櫻火龍、火龍、蒼火龍、金雷公雷狼龍、紫毒姬雌火龍、銀嶺巨獸、青電主電龍、燼滅刃斬龍,草食龍、怪鳥、搔鳥、野豬王、迅猛龍王、青熊獸、背甲龍、青怪鳥、彩鳥、狗龍王、迅龍、浮空龍、岩龍、雌火龍、水獸、蠻顎龍、白兔獸、奇猿狐、白猿狐、毒怪鳥、冰鮫鯊、眠狗龍王、飛雷龍、綠迅龍、奇怪龍、紅怪龍、冰牙龍、波波、土砂龍、冰土砂龍、風漂龍、爆鎚龍、鎧龍、紅彩鳥、泡狐龍、角龍、黑角龍、轟龍、黑轟龍、砂龍王、桃岩龍、一角龍、白一角龍、海龍、紫水獸、巨獸、黑鎧龍、雷狼龍、獄狼龍、斬龍、爆鱗龍、碎龍、電龍、白海龍、恐暴龍、千刃龍、風牙龍、金獅子、荒鉤爪轟龍、雷顎龍、白疾風迅龍、鏖魔角龍、櫻火龍、火龍、蒼火龍、金雷公雷狼龍、紫毒姬雌火龍、銀嶺巨獸、青電主電龍、燼滅刃斬龍
403,無,力量,體力提升基因【大】,L,1,被動,體力增強【大】,"體力上限特大提升。
【強化0】體力上限中量提升。
【強化1】體力上限大量提升。
【強化2】體力上限特大提升。",,,,體力增強[50],,,冰牙龍、風漂龍、爆鎚龍、鎧龍、紅彩鳥、泡狐龍、角龍、黑角龍、轟龍、黑轟龍、砂龍王、桃岩龍、一角龍、白一角龍、海龍、紫水獸、巨獸、黑鎧龍、雷狼龍、獄狼龍、斬龍、爆鱗龍、碎龍、電龍、白海龍、恐暴龍、千刃龍、風牙龍、金獅子、荒鉤爪轟龍、雷顎龍、白疾風迅龍、鏖魔角龍、櫻火龍、火龍、蒼火龍、金雷公雷狼龍、紫毒姬雌火龍、銀嶺巨獸、青電主電龍、燼滅刃斬龍
404,無,力量,體力提升基因【特大】,XL,1,被動,體力增強【特】,"體力上限極大提升。
【強化0】體力上限特大提升。
【強化1】體力上限超大提升。
【強化2】體力上限極大提升。",,,,體力增強[60],,草食龍、怪鳥、搔鳥、野豬王、迅猛龍王、青熊獸、背甲龍、青怪鳥、彩鳥、狗龍王、迅龍、浮空龍、岩龍、雌火龍、水獸、蠻顎龍、白兔獸、奇猿狐、白猿狐、毒怪鳥、冰鮫鯊、眠狗龍王、飛雷龍、綠迅龍、奇怪龍、紅怪龍、冰牙龍、波波、土砂龍、冰土砂龍、風漂龍、爆鎚龍、鎧龍、紅彩鳥、泡狐龍、角龍、黑角龍、轟龍、黑轟龍、砂龍王、桃岩龍、一角龍、白一角龍、海龍、紫水獸、巨獸、黑鎧龍、雷狼龍、獄狼龍、斬龍、爆鱗龍、碎龍、電龍、白海龍、恐暴龍、千刃龍、風牙龍、金獅子、荒鉤爪轟龍、雷顎龍、白疾風迅龍、鏖魔角龍、櫻火龍、火龍、蒼火龍、金雷公雷狼龍、紫毒姬雌火龍、銀嶺巨獸、青電主電龍、燼滅刃斬龍,草食龍、怪鳥、搔鳥、野豬王、迅猛龍王、青熊獸、背甲龍、青怪鳥、彩鳥、狗龍王、迅龍、浮空龍、岩龍、雌火龍、水獸、蠻顎龍、白兔獸、奇猿狐、白猿狐、毒怪鳥、冰鮫鯊、眠狗龍王、飛雷龍、綠迅龍、奇怪龍、紅怪龍、冰牙龍、波波、土砂龍、冰土砂龍、風漂龍、爆鎚龍、鎧龍、紅彩鳥、泡狐龍、角龍、黑角龍、轟龍、黑轟龍、砂龍王、桃岩龍、一角龍、白一角龍、海龍、紫水獸、巨獸、黑鎧龍、雷狼龍、獄狼龍、斬龍、爆鱗龍、碎龍、電龍、白海龍、恐暴龍、千刃龍、風牙龍、金獅子、荒鉤爪轟龍、雷顎龍、白疾風迅龍、鏖魔角龍、櫻火龍、火龍、蒼火龍、金雷公雷狼龍、紫毒姬雌火龍、銀嶺巨獸、青電主電龍、燼滅刃斬龍
405,龍,速度,會心基因【小】,S,1,被動,會心【小】,"會心率少量提升。
【強化0】會心率極小提升。
【強化1】會心率微量提升。
【強化2】會心率少量提升。",,,,會心率[7],,草食龍、怪鳥、搔鳥、野豬王、迅猛龍王、青熊獸、背甲龍、青怪鳥、彩鳥、狗龍王、迅龍、浮空龍、岩龍、雌火龍、水獸、蠻顎龍、白兔獸、奇猿狐、白猿狐、毒怪鳥、冰鮫鯊、眠狗龍王、飛雷龍、綠迅龍、奇怪龍、紅怪龍、波波、土砂龍、冰土砂龍,草食龍、怪鳥、搔鳥、野豬王、迅猛龍王、青熊獸、背甲龍、青怪鳥、彩鳥、狗龍王、迅龍、浮空龍、岩龍、雌火龍、水獸、蠻顎龍、白兔獸、奇猿狐、白猿狐、毒怪鳥、冰鮫鯊、眠狗龍王、飛雷龍、綠迅龍、奇怪龍、紅怪龍、波波、土砂龍、冰土砂龍
406,龍,速度,會心基因【中】,M,1,被動,會心【中】,"會心率中量提升。
【強化0】會心率少量提升。
【強化1】會心率小量提升。
【強化2】會心率中量提升。",,,,會心率[10],,冰牙龍、風漂龍、爆鎚龍、鎧龍、紅彩鳥、泡狐龍、角龍、黑角龍、轟龍、黑轟龍、砂龍王、桃岩龍、一角龍、白一角龍、海龍、紫水獸、巨獸、黑鎧龍、雷狼龍、獄狼龍、斬龍、爆鱗龍、碎龍、電龍、白海龍、恐暴龍、千刃龍、風牙龍、金獅子、荒鉤爪轟龍、雷顎龍、白疾風迅龍、鏖魔角龍、櫻火龍、火龍、蒼火龍、金雷公雷狼龍、紫毒姬雌火龍、銀嶺巨獸、青電主電龍、燼滅刃斬龍,草食龍、怪鳥、搔鳥、野豬王、迅猛龍王、青熊獸、背甲龍、青怪鳥、彩鳥、狗龍王、迅龍、浮空龍、岩龍、雌火龍、水獸、蠻顎龍、白兔獸、奇猿狐、白猿狐、毒怪鳥、冰鮫鯊、眠狗龍王、飛雷龍、綠迅龍、奇怪龍、紅怪龍、冰牙龍、波波、土砂龍、冰土砂龍、風漂龍、爆鎚龍、鎧龍、紅彩鳥、泡狐龍、角龍、黑角龍、轟龍、黑轟龍、砂龍王、桃岩龍、一角龍、白一角龍、海龍、紫水獸、巨獸、黑鎧龍、雷狼龍、獄狼龍、斬龍、爆鱗龍、碎龍、電龍、白海龍、恐暴龍、千刃龍、風牙龍、金獅子、荒鉤爪轟龍、雷顎龍、白疾風迅龍、鏖魔角龍、櫻火龍、火龍、蒼火龍、金雷公雷狼龍、紫毒姬雌火龍、銀嶺巨獸、青電主電龍、燼滅刃斬龍
407,龍,速度,會心基因【大】,L,1,被動,會心【大】,"會心率特大提升。
【強化0】會心率中量提升。
【強化1】會心率大量提升。
【強化2】會心率特大提升。",,,,會心率[13],,,冰牙龍、風漂龍、爆鎚龍、鎧龍、紅彩鳥、泡狐龍、角龍、黑角龍、轟龍、黑轟龍、砂龍王、桃岩龍、一角龍、白一角龍、海龍、紫水獸、巨獸、黑鎧龍、雷狼龍、獄狼龍、斬龍、爆鱗龍、碎龍、電龍、白海龍、恐暴龍、千刃龍、風牙龍、金獅子、荒鉤爪轟龍、雷顎龍、白疾風迅龍、鏖魔角龍、櫻火龍、火龍、蒼火龍、金雷公雷狼龍、紫毒姬雌火龍、銀嶺巨獸、青電主電龍、燼滅刃斬龍
408,龍,速度,會心基因【特大】,XL,1,被動,會心【特】,"會心率極大提升。
【強化0】會心率特大提升。
【強化1】會心率超大提升。
【強化2】會心率極大提升。",,,,會心率[16],,草食龍、怪鳥、搔鳥、野豬王、迅猛龍王、青熊獸、背甲龍、青怪鳥、彩鳥、狗龍王、迅龍、浮空龍、岩龍、雌火龍、水獸、蠻顎龍、白兔獸、奇猿狐、白猿狐、毒怪鳥、冰鮫鯊、眠狗龍王、飛雷龍、綠迅龍、奇怪龍、紅怪龍、冰牙龍、波波、土砂龍、冰土砂龍、風漂龍、爆鎚龍、鎧龍、紅彩鳥、泡狐龍、角龍、黑角龍、轟龍、黑轟龍、砂龍王、桃岩龍、一角龍、白一角龍、海龍、紫水獸、巨獸、黑鎧龍、雷狼龍、獄狼龍、斬龍、爆鱗龍、碎龍、電龍、白海龍、恐暴龍、千刃龍、風牙龍、金獅子、荒鉤爪轟龍、雷顎龍、白疾風迅龍、鏖魔角龍、櫻火龍、火龍、蒼火龍、金雷公雷狼龍、紫毒姬雌火龍、銀嶺巨獸、青電主電龍、燼滅刃斬龍,草食龍、怪鳥、搔鳥、野豬王、迅猛龍王、青熊獸、背甲龍、青怪鳥、彩鳥、狗龍王、迅龍、浮空龍、岩龍、雌火龍、水獸、蠻顎龍、白兔獸、奇猿狐、白猿狐、毒怪鳥、冰鮫鯊、眠狗龍王、飛雷龍、綠迅龍、奇怪龍、紅怪龍、冰牙龍、波波、土砂龍、冰土砂龍、風漂龍、爆鎚龍、鎧龍、紅彩鳥、泡狐龍、角龍、黑角龍、轟龍、黑轟龍、砂龍王、桃岩龍、一角龍、白一角龍、海龍、紫水獸、巨獸、黑鎧龍、雷狼龍、獄狼龍、斬龍、爆鱗龍、碎龍、電龍、白海龍、恐暴龍、千刃龍、風牙龍、金獅子、荒鉤爪轟龍、雷顎龍、白疾風迅龍、鏖魔角龍、櫻火龍、火龍、蒼火龍、金雷公雷狼龍、紫毒姬雌火龍、銀嶺巨獸、青電主電龍、燼滅刃斬龍
409,水,速度,迴避提升基因【小】,S,1,被動,迴避性能【小】,"有機率能迴避敵方的攻擊。無法迴避正面對決與羈絆技能。迴避率少量提升。
【強化0】迴避率極小提升。
【強化1】迴避率微量提升。
【強化2】迴避率少量提升。",,,,迴避性能[7],,搔鳥、野豬王、迅猛龍王、青熊獸、背甲龍、彩鳥、狗龍王、迅龍、浮空龍、綠迅龍,搔鳥、野豬王、迅猛龍王、青熊獸、背甲龍、彩鳥、狗龍王、迅龍、浮空龍、綠迅龍
410,水,速度,迴避提升基因【中】,M,1,被動,迴避性能【中】,"有機率能迴避敵方的攻擊。無法迴避正面對決與羈絆技能。迴避率中量提升。
【強化0】迴避率少量提升。
【強化1】迴避率小量提升。
【強化2】迴避率中量提升。",,,,迴避性能[10],,角龍、黑角龍、轟龍、黑轟龍、一角龍、白一角龍、千刃龍、風牙龍、荒鉤爪轟龍、白疾風迅龍、鏖魔角龍,搔鳥、野豬王、迅猛龍王、青熊獸、背甲龍、彩鳥、狗龍王、迅龍、浮空龍、綠迅龍、角龍、黑角龍、轟龍、黑轟龍、一角龍、白一角龍、千刃龍、風牙龍、荒鉤爪轟龍、白疾風迅龍、鏖魔角龍
411,水,速度,迴避提升基因【大】,L,1,被動,迴避性能【大】,"有機率能迴避敵方的攻擊。無法迴避正面對決與羈絆技能。迴避率特大提升。
【強化0】迴避率中量提升。
【強化1】迴避率大量提升。
【強化2】迴避率特大提升。",,,,迴避性能[13],,,角龍、黑角龍、轟龍、黑轟龍、一角龍、白一角龍、千刃龍、風牙龍、荒鉤爪轟龍、白疾風迅龍、鏖魔角龍
412,水,速度,迴避提升基因【特大】,XL,1,被動,迴避性能【特】,"有機率能迴避敵方的攻擊。無法迴避正面對決與羈絆技能。迴避率極大提升。
【強化0】迴避率特大提升。
【強化1】迴避率超大提升。
【強化2】迴避率極大提升。",,,,迴避性能[16],,搔鳥、野豬王、迅猛龍王、青熊獸、背甲龍、彩鳥、狗龍王、迅龍、浮空龍、綠迅龍、角龍、黑角龍、轟龍、黑轟龍、一角龍、白一角龍、千刃龍、風牙龍、荒鉤爪轟龍、白疾風迅龍、鏖魔角龍,搔鳥、野豬王、迅猛龍王、青熊獸、背甲龍、彩鳥、狗龍王、迅龍、浮空龍、綠迅龍、角龍、黑角龍、轟龍、黑轟龍、一角龍、白一角龍、千刃龍、風牙龍、荒鉤爪轟龍、白疾風迅龍、鏖魔角龍
413,冰,力量,毅力基因,L,1,被動,毅力,"體力高於一半時受到致命傷害可倖存1次。可抵禦致命傷害並保留少許體力。
【強化0】可抵禦致命傷害並保留體力1。
【強化1】可抵禦致命傷害並保留極少體力。
【強化2】可抵禦致命傷害並保留少許體力。",,,,毅力[51],,滅盡龍、冰呪龍、鋼龍、麒麟、炎王龍,滅盡龍、冰呪龍、鋼龍、麒麟、炎王龍、加爾克(冰)
414,水,速度,加速基因,L,1,被動,加速,"有機率使行動順序成為攻擊行動當中最快的。【發動率】特高機率發動。
【強化0】特低機率發動。
【強化1】略低機率發動。
【強化2】特高機率發動。",,,,加速[30],,滅盡龍、冰呪龍、鋼龍、麒麟、炎王龍,滅盡龍、冰呪龍、鋼龍、麒麟、炎王龍
415,無,無,加護基因【小】,S,1,被動,精靈加護【小】,"有機率使承受的傷害減輕。【發動率】略低機率發動。
【強化0】特低機率發動。
【強化1】低機率發動。
【強化2】略低機率發動。",,,,精靈加護[14],,搔鳥、野豬王、迅猛龍王、青熊獸、背甲龍、彩鳥、狗龍王、迅龍、浮空龍、綠迅龍,搔鳥、野豬王、迅猛龍王、青熊獸、背甲龍、彩鳥、狗龍王、迅龍、浮空龍、綠迅龍
416,無,無,加護基因【中】,M,1,被動,精靈加護【中】,"有機率使承受的傷害減輕。【發動率】略高機率發動。
【強化0】略低機率發動。
【強化1】中機率發動。
【強化2】略高機率發動。",,,,精靈加護[16],,角龍、黑角龍、轟龍、黑轟龍、一角龍、白一角龍、千刃龍、風牙龍、荒鉤爪轟龍、白疾風迅龍、鏖魔角龍,搔鳥、野豬王、迅猛龍王、青熊獸、背甲龍、彩鳥、狗龍王、迅龍、浮空龍、綠迅龍、角龍、黑角龍、轟龍、黑轟龍、一角龍、白一角龍、千刃龍、風牙龍、荒鉤爪轟龍、白疾風迅龍、鏖魔角龍
417,無,無,加護基因【大】,L,1,被動,精靈加護【大】,"有機率使承受的傷害減輕。【發動率】特高機率發動。
【強化0】略高機率發動。
【強化1】高機率發動。
【強化2】特高機率發動。",,,,精靈加護[18],,,角龍、黑角龍、轟龍、黑轟龍、一角龍、白一角龍、千刃龍、風牙龍、荒鉤爪轟龍、白疾風迅龍、鏖魔角龍
418,無,無,加護基因【特大】,XL,1,被動,精靈加護【特】,"有機率使承受的傷害減輕。【發動率】極高機率發動。
【強化0】特高機率發動。
【強化1】超高機率發動。
【強化2】極高機率發動。",,,,精靈加護[20],,搔鳥、野豬王、迅猛龍王、青熊獸、背甲龍、彩鳥、狗龍王、迅龍、浮空龍、綠迅龍、角龍、黑角龍、轟龍、黑轟龍、一角龍、白一角龍、千刃龍、風牙龍、荒鉤爪轟龍、白疾風迅龍、鏖魔角龍,搔鳥、野豬王、迅猛龍王、青熊獸、背甲龍、彩鳥、狗龍王、迅龍、浮空龍、綠迅龍、角龍、黑角龍、轟龍、黑轟龍、一角龍、白一角龍、千刃龍、風牙龍、荒鉤爪轟龍、白疾風迅龍、鏖魔角龍
419,冰,無,巢守基因【小】,S,1,被動,守巢【小】,"討伐成功後，魔物的歸巢率少量提升。
【強化0】討伐成功後，魔物的歸巢率極小提升。
【強化1】討伐成功後，魔物的歸巢率微量提升。
【強化2】討伐成功後，魔物的歸巢率少量提升。",,,,守巢[10],,角龍、黑角龍、轟龍、黑轟龍、一角龍、白一角龍、千刃龍、風牙龍、荒鉤爪轟龍、白疾風迅龍、鏖魔角龍,
420,冰,無,巢守基因【中】,M,1,被動,守巢【中】,"討伐成功後，魔物的歸巢率中量提升。
【強化0】討伐成功後，魔物的歸巢率少量提升。
【強化1】討伐成功後，魔物的歸巢率小量提升。
【強化2】討伐成功後，魔物的歸巢率中量提升。",,,,守巢[13],,,角龍、黑角龍、轟龍、黑轟龍、一角龍、白一角龍、千刃龍、風牙龍、荒鉤爪轟龍、白疾風迅龍、鏖魔角龍
421,冰,無,巢守基因【大】,L,1,被動,守巢【大】,"討伐成功後，魔物的歸巢率特大提升。
【強化0】討伐成功後，魔物的歸巢率中量提升。
【強化1】討伐成功後，魔物的歸巢率大量提升。
【強化2】討伐成功後，魔物的歸巢率特大提升。",,,,守巢[15],,,角龍、黑角龍、轟龍、黑轟龍、一角龍、白一角龍、千刃龍、風牙龍、荒鉤爪轟龍、白疾風迅龍、鏖魔角龍
422,冰,無,巢守基因【特大】,XL,1,被動,守巢【特】,"討伐成功後，魔物的歸巢率極大提升。
【強化0】討伐成功後，魔物的歸巢率特大提升。
【強化1】討伐成功後，魔物的歸巢率超大提升。
【強化2】討伐成功後，魔物的歸巢率極大提升。",,,,守巢[20],,搔鳥、野豬王、迅猛龍王、青熊獸、背甲龍、彩鳥、狗龍王、迅龍、浮空龍、綠迅龍、角龍、黑角龍、轟龍、黑轟龍、一角龍、白一角龍、千刃龍、風牙龍、荒鉤爪轟龍、白疾風迅龍、鏖魔角龍,搔鳥、野豬王、迅猛龍王、青熊獸、背甲龍、彩鳥、狗龍王、迅龍、浮空龍、綠迅龍、角龍、黑角龍、轟龍、黑轟龍、一角龍、白一角龍、千刃龍、風牙龍、荒鉤爪轟龍、白疾風迅龍、鏖魔角龍
423,無,力量,筋力基因【小】,S,1,被動,無屬性攻擊強化【小】,"無屬性攻擊力少量提升。
【強化0】無屬性攻擊力極小提升。
【強化1】無屬性攻擊力微量提升。
【強化2】無屬性攻擊力少量提升。",,,,無屬性攻擊強化[15],,搔鳥、野豬王、迅猛龍王、青熊獸、背甲龍、彩鳥、狗龍王、迅龍、浮空龍、綠迅龍,搔鳥、野豬王、迅猛龍王、青熊獸、背甲龍、彩鳥、狗龍王、迅龍、浮空龍、綠迅龍
424,無,力量,筋力基因【中】,M,1,被動,無屬性攻擊強化【中】,"無屬性攻擊力中量提升。
【強化0】無屬性攻擊力少量提升。
【強化1】無屬性攻擊力小量提升。
【強化2】無屬性攻擊力中量提升。",,,,無屬性攻擊強化[20],,角龍、黑角龍、轟龍、黑轟龍、一角龍、白一角龍、千刃龍、風牙龍、荒鉤爪轟龍、白疾風迅龍、鏖魔角龍,搔鳥、野豬王、迅猛龍王、青熊獸、背甲龍、彩鳥、狗龍王、迅龍、浮空龍、綠迅龍、角龍、黑角龍、轟龍、黑轟龍、一角龍、白一角龍、千刃龍、風牙龍、荒鉤爪轟龍、白疾風迅龍、鏖魔角龍
425,無,力量,筋力基因【大】,L,1,被動,無屬性攻擊強化【大】,"無屬性攻擊力特大提升。
【強化0】無屬性攻擊力中量提升。
【強化1】無屬性攻擊力大量提升。
【強化2】無屬性攻擊力特大提升。",,,,無屬性攻擊強化[30],加爾克(無),,角龍、黑角龍、轟龍、黑轟龍、一角龍、白一角龍、千刃龍、風牙龍、荒鉤爪轟龍、白疾風迅龍、鏖魔角龍
426,無,力量,筋力基因【特大】,XL,1,被動,無屬性攻擊強化【特】,"無屬性攻擊力極大提升。
【強化0】無屬性攻擊力特大提升。
【強化1】無屬性攻擊力超大提升。
【強化2】無屬性攻擊力極大提升。",,,,無屬性攻擊強化[40],,搔鳥、野豬王、迅猛龍王、青熊獸、背甲龍、彩鳥、狗龍王、迅龍、浮空龍、綠迅龍、角龍、黑角龍、轟龍、黑轟龍、一角龍、白一角龍、千刃龍、風牙龍、荒鉤爪轟龍、白疾風迅龍、鏖魔角龍,搔鳥、野豬王、迅猛龍王、青熊獸、背甲龍、彩鳥、狗龍王、迅龍、浮空龍、綠迅龍、角龍、黑角龍、轟龍、黑轟龍、一角龍、白一角龍、千刃龍、風牙龍、荒鉤爪轟龍、白疾風迅龍、鏖魔角龍
427,火,力量,火強化基因【小】,S,1,被動,火屬性攻擊強化【小】,"火屬性攻擊力少量提升。
【強化0】火屬性攻擊力極小提升。
【強化1】火屬性攻擊力微量提升。
【強化2】火屬性攻擊力少量提升。",,,,火屬性攻擊強化[15],,怪鳥、青怪鳥、岩龍、蠻顎龍、白猿狐,怪鳥、青怪鳥、岩龍、蠻顎龍、白猿狐
428,火,力量,火強化基因【中】,M,1,被動,火屬性攻擊強化【中】,"火屬性攻擊力中量提升。
【強化0】火屬性攻擊力少量提升。
【強化1】火屬性攻擊力小量提升。
【強化2】火屬性攻擊力中量提升。",,,,火屬性攻擊強化[20],,爆鎚龍、鎧龍、桃岩龍、黑鎧龍、斬龍、爆鱗龍、碎龍、櫻火龍、火龍、蒼火龍、紫毒姬雌火龍、燼滅刃斬龍,怪鳥、青怪鳥、岩龍、蠻顎龍、白猿狐、爆鎚龍、鎧龍、桃岩龍、黑鎧龍、斬龍、爆鱗龍、碎龍、櫻火龍、火龍、蒼火龍、紫毒姬雌火龍、燼滅刃斬龍
429,火,力量,火強化基因【大】,L,1,被動,火屬性攻擊強化【大】,"火屬性攻擊力特大提升。
【強化0】火屬性攻擊力中量提升。
【強化1】火屬性攻擊力大量提升。
【強化2】火屬性攻擊力特大提升。",,,,火屬性攻擊強化[30],加爾克(火),,爆鎚龍、鎧龍、桃岩龍、黑鎧龍、斬龍、爆鱗龍、碎龍、櫻火龍、火龍、蒼火龍、紫毒姬雌火龍、燼滅刃斬龍
430,火,力量,火強化基因【特大】,XL,1,被動,火屬性攻擊強化【特】,"火屬性攻擊力極大提升。
【強化0】火屬性攻擊力特大提升。
【強化1】火屬性攻擊力超大提升。
【強化2】火屬性攻擊力極大提升。",,,,火屬性攻擊強化[40],,怪鳥、青怪鳥、岩龍、蠻顎龍、白猿狐、爆鎚龍、鎧龍、桃岩龍、黑鎧龍、斬龍、爆鱗龍、碎龍、櫻火龍、火龍、蒼火龍、紫毒姬雌火龍、燼滅刃斬龍,怪鳥、青怪鳥、岩龍、蠻顎龍、白猿狐、爆鎚龍、鎧龍、桃岩龍、黑鎧龍、斬龍、爆鱗龍、碎龍、櫻火龍、火龍、蒼火龍、紫毒姬雌火龍、燼滅刃斬龍
431,水,力量,水強化基因【小】,S,1,被動,水屬性攻擊強化【小】,"水屬性攻擊力少量提升。
【強化0】水屬性攻擊力極小提升。
【強化1】水屬性攻擊力微量提升。
【強化2】水屬性攻擊力少量提升。",,,,水屬性攻擊強化[15],,水獸、奇猿狐、土砂龍,水獸、奇猿狐、土砂龍
432,水,力量,水強化基因【中】,M,1,被動,水屬性攻擊強化【中】,"水屬性攻擊力中量提升。
【強化0】水屬性攻擊力少量提升。
【強化1】水屬性攻擊力小量提升。
【強化2】水屬性攻擊力中量提升。",,,,水屬性攻擊強化[20],,泡狐龍、砂龍王、紫水獸,水獸、奇猿狐、土砂龍、泡狐龍、砂龍王、紫水獸
433,水,力量,水強化基因【大】,L,1,被動,水屬性攻擊強化【大】,"水屬性攻擊力特大提升。
【強化0】水屬性攻擊力中量提升。
【強化1】水屬性攻擊力大量提升。
【強化2】水屬性攻擊力特大提升。",,,,水屬性攻擊強化[30],加爾克(水),,泡狐龍、砂龍王、紫水獸
434,水,力量,水強化基因【特大】,XL,1,被動,水屬性攻擊強化【特】,"水屬性攻擊力極大提升。
【強化0】水屬性攻擊力特大提升。
【強化1】水屬性攻擊力超大提升。
【強化2】水屬性攻擊力極大提升。",,,,水屬性攻擊強化[40],,水獸、奇猿狐、土砂龍、泡狐龍、砂龍王、紫水獸,水獸、奇猿狐、土砂龍、泡狐龍、砂龍王、紫水獸
435,雷,力量,雷強化基因【小】,S,1,被動,雷屬性攻擊強化【小】,"雷屬性攻擊力少量提升。
【強化0】雷屬性攻擊力極小提升。
【強化1】雷屬性攻擊力微量提升。
【強化2】雷屬性攻擊力少量提升。",,,,雷屬性攻擊強化[15],,毒怪鳥、飛雷龍、奇怪龍、紅怪龍,毒怪鳥、飛雷龍、奇怪龍、紅怪龍
436,雷,力量,雷強化基因【中】,M,1,被動,雷屬性攻擊強化【中】,"雷屬性攻擊力中量提升。
【強化0】雷屬性攻擊力少量提升。
【強化1】雷屬性攻擊力小量提升。
【強化2】雷屬性攻擊力中量提升。",,,,雷屬性攻擊強化[20],,紅彩鳥、海龍、雷狼龍、電龍、白海龍、金獅子、雷顎龍、金雷公雷狼龍、青電主電龍,毒怪鳥、飛雷龍、奇怪龍、紅怪龍、紅彩鳥、海龍、雷狼龍、電龍、白海龍、金獅子、雷顎龍、金雷公雷狼龍、青電主電龍
437,雷,力量,雷強化基因【大】,L,1,被動,雷屬性攻擊強化【大】,"雷屬性攻擊力特大提升。
【強化0】雷屬性攻擊力中量提升。
【強化1】雷屬性攻擊力大量提升。
【強化2】雷屬性攻擊力特大提升。",,,,雷屬性攻擊強化[30],加爾克(雷),,紅彩鳥、海龍、雷狼龍、電龍、白海龍、金獅子、雷顎龍、金雷公雷狼龍、青電主電龍
438,雷,力量,雷強化基因【特大】,XL,1,被動,雷屬性攻擊強化【特】,"雷屬性攻擊力極大提升。
【強化0】雷屬性攻擊力特大提升。
【強化1】雷屬性攻擊力超大提升。
【強化2】雷屬性攻擊力極大提升。",,,,雷屬性攻擊強化[40],,毒怪鳥、飛雷龍、奇怪龍、紅怪龍、紅彩鳥、海龍、雷狼龍、電龍、白海龍、金獅子、雷顎龍、金雷公雷狼龍、青電主電龍,毒怪鳥、飛雷龍、奇怪龍、紅怪龍、紅彩鳥、海龍、雷狼龍、電龍、白海龍、金獅子、雷顎龍、金雷公雷狼龍、青電主電龍
439,冰,力量,冰強化基因【小】,S,1,被動,冰屬性攻擊強化【小】,"冰屬性攻擊力少量提升。
【強化0】冰屬性攻擊力極小提升。
【強化1】冰屬性攻擊力微量提升。
【強化2】冰屬性攻擊力少量提升。",,,,冰屬性攻擊強化[15],,白兔獸、冰鮫鯊、波波、冰土砂龍,白兔獸、冰鮫鯊、波波、冰土砂龍
440,冰,力量,冰強化基因【中】,M,1,被動,冰屬性攻擊強化【中】,"冰屬性攻擊力中量提升。
【強化0】冰屬性攻擊力少量提升。
【強化1】冰屬性攻擊力小量提升。
【強化2】冰屬性攻擊力中量提升。",,,,冰屬性攻擊強化[20],,冰牙龍、風漂龍、巨獸、銀嶺巨獸,白兔獸、冰鮫鯊、冰牙龍、波波、冰土砂龍、風漂龍、巨獸、銀嶺巨獸
441,冰,力量,冰強化基因【大】,L,1,被動,冰屬性攻擊強化【大】,"冰屬性攻擊力特大提升。
【強化0】冰屬性攻擊力中量提升。
【強化1】冰屬性攻擊力大量提升。
【強化2】冰屬性攻擊力特大提升。",,,,冰屬性攻擊強化[30],加爾克(冰),,冰牙龍、風漂龍、巨獸、銀嶺巨獸
442,冰,力量,冰強化基因【特大】,XL,1,被動,冰屬性攻擊強化【特】,"冰屬性攻擊力極大提升。
【強化0】冰屬性攻擊力特大提升。
【強化1】冰屬性攻擊力超大提升。
【強化2】冰屬性攻擊力極大提升。",,,,冰屬性攻擊強化[40],,白兔獸、冰鮫鯊、冰牙龍、波波、冰土砂龍、風漂龍、巨獸、銀嶺巨獸,白兔獸、冰鮫鯊、冰牙龍、波波、冰土砂龍、風漂龍、巨獸、銀嶺巨獸
443,龍,力量,龍強化基因【小】,S,1,被動,龍屬性攻擊強化【小】,"龍屬性攻擊力少量提升。
【強化0】龍屬性攻擊力極小提升。
【強化1】龍屬性攻擊力微量提升。
【強化2】龍屬性攻擊力少量提升。",,,,龍屬性攻擊強化[15],,草食龍、雌火龍、眠狗龍王,草食龍、雌火龍、眠狗龍王
444,龍,力量,龍強化基因【中】,M,1,被動,龍屬性攻擊強化【中】,"龍屬性攻擊力中量提升。
【強化0】龍屬性攻擊力少量提升。
【強化1】龍屬性攻擊力小量提升。
【強化2】龍屬性攻擊力中量提升。",,,,龍屬性攻擊強化[20],,獄狼龍、恐暴龍,草食龍、雌火龍、眠狗龍王、獄狼龍、恐暴龍
445,龍,力量,龍強化基因【大】,L,1,被動,龍屬性攻擊強化【大】,"龍屬性攻擊力特大提升。
【強化0】龍屬性攻擊力中量提升。
【強化1】龍屬性攻擊力大量提升。
【強化2】龍屬性攻擊力特大提升。",,,,龍屬性攻擊強化[30],加爾克(龍),,獄狼龍、恐暴龍
446,龍,力量,龍強化基因【特大】,XL,1,被動,龍屬性攻擊強化【特】,"龍屬性攻擊力極大提升。
【強化0】龍屬性攻擊力特大提升。
【強化1】龍屬性攻擊力超大提升。
【強化2】龍屬性攻擊力極大提升。",,,,龍屬性攻擊強化[40],,草食龍、雌火龍、眠狗龍王、獄狼龍、恐暴龍,草食龍、雌火龍、眠狗龍王、獄狼龍、恐暴龍
447,無,技巧,鐵壁基因【小】,S,1,被動,無屬性防禦強化【小】,"無屬性防禦力少量提升。
【強化0】無屬性防禦力極小提升。
【強化1】無屬性防禦力微量提升。
【強化2】無屬性防禦力少量提升。",,,,無屬性防禦強化[25],,搔鳥、野豬王、迅猛龍王、青熊獸、背甲龍、彩鳥、狗龍王、迅龍、浮空龍、綠迅龍,搔鳥、野豬王、迅猛龍王、青熊獸、背甲龍、彩鳥、狗龍王、迅龍、浮空龍、綠迅龍
448,無,技巧,鐵壁基因【中】,M,1,被動,無屬性防禦強化【中】,"無屬性防禦力中量提升。
【強化0】無屬性防禦力少量提升。
【強化1】無屬性防禦力小量提升。
【強化2】無屬性防禦力中量提升。",,,,無屬性防禦強化[30],,角龍、黑角龍、轟龍、黑轟龍、一角龍、白一角龍、千刃龍、風牙龍、荒鉤爪轟龍、白疾風迅龍、鏖魔角龍,搔鳥、野豬王、迅猛龍王、青熊獸、背甲龍、彩鳥、狗龍王、迅龍、浮空龍、綠迅龍、角龍、黑角龍、轟龍、黑轟龍、一角龍、白一角龍、千刃龍、風牙龍、荒鉤爪轟龍、白疾風迅龍、鏖魔角龍
449,無,技巧,鐵壁基因【大】,L,1,被動,無屬性防禦強化【大】,"無屬性防禦力特大提升。
【強化0】無屬性防禦力中量提升。
【強化1】無屬性防禦力大量提升。
【強化2】無屬性防禦力特大提升。",,,,無屬性防禦強化[40],,,角龍、黑角龍、轟龍、黑轟龍、一角龍、白一角龍、千刃龍、風牙龍、荒鉤爪轟龍、白疾風迅龍、鏖魔角龍
450,無,技巧,鐵壁基因【特大】,XL,1,被動,無屬性防禦強化【特】,"無屬性防禦力極大提升。
【強化0】無屬性防禦力特大提升。
【強化1】無屬性防禦力超大提升。
【強化2】無屬性防禦力極大提升。",,,,無屬性防禦強化[50],,搔鳥、野豬王、迅猛龍王、青熊獸、背甲龍、彩鳥、狗龍王、迅龍、浮空龍、綠迅龍、角龍、黑角龍、轟龍、黑轟龍、一角龍、白一角龍、千刃龍、風牙龍、荒鉤爪轟龍、白疾風迅龍、鏖魔角龍,搔鳥、野豬王、迅猛龍王、青熊獸、背甲龍、彩鳥、狗龍王、迅龍、浮空龍、綠迅龍、角龍、黑角龍、轟龍、黑轟龍、一角龍、白一角龍、千刃龍、風牙龍、荒鉤爪轟龍、白疾風迅龍、鏖魔角龍
451,火,技巧,火耐性基因【小】,S,1,被動,火屬性防禦強化【小】,"火屬性防禦力少量提升。
【強化0】火屬性防禦力極小提升。
【強化1】火屬性防禦力微量提升。
【強化2】火屬性防禦力少量提升。",,,,火屬性防禦強化[25],,怪鳥、青怪鳥、岩龍、蠻顎龍、白猿狐,怪鳥、青怪鳥、岩龍、蠻顎龍、白猿狐
452,火,技巧,火耐性基因【中】,M,1,被動,火屬性防禦強化【中】,"火屬性防禦力中量提升。
【強化0】火屬性防禦力少量提升。
【強化1】火屬性防禦力小量提升。
【強化2】火屬性防禦力中量提升。",,,,火屬性防禦強化[30],,爆鎚龍、鎧龍、桃岩龍、黑鎧龍、斬龍、爆鱗龍、碎龍、櫻火龍、火龍、蒼火龍、紫毒姬雌火龍、燼滅刃斬龍,怪鳥、青怪鳥、岩龍、蠻顎龍、白猿狐、爆鎚龍、鎧龍、桃岩龍、黑鎧龍、斬龍、爆鱗龍、碎龍、櫻火龍、火龍、蒼火龍、紫毒姬雌火龍、燼滅刃斬龍
453,火,技巧,火耐性基因【大】,L,1,被動,火屬性防禦強化【大】,"火屬性防禦力特大提升。
【強化0】火屬性防禦力中量提升。
【強化1】火屬性防禦力大量提升。
【強化2】火屬性防禦力特大提升。",,,,火屬性防禦強化[40],,,爆鎚龍、鎧龍、桃岩龍、黑鎧龍、斬龍、爆鱗龍、碎龍、櫻火龍、火龍、蒼火龍、紫毒姬雌火龍、燼滅刃斬龍
454,火,技巧,火耐性基因【特大】,XL,1,被動,火屬性防禦強化【特】,"火屬性防禦力極大提升。
【強化0】火屬性防禦力特大提升。
【強化1】火屬性防禦力超大提升。
【強化2】火屬性防禦力極大提升。",,,,火屬性防禦強化[50],,怪鳥、青怪鳥、岩龍、蠻顎龍、白猿狐、爆鎚龍、鎧龍、桃岩龍、黑鎧龍、斬龍、爆鱗龍、碎龍、櫻火龍、火龍、蒼火龍、紫毒姬雌火龍、燼滅刃斬龍,怪鳥、青怪鳥、岩龍、蠻顎龍、白猿狐、爆鎚龍、鎧龍、桃岩龍、黑鎧龍、斬龍、爆鱗龍、碎龍、櫻火龍、火龍、蒼火龍、紫毒姬雌火龍、燼滅刃斬龍
455,水,技巧,水耐性基因【小】,S,1,被動,水屬性防禦強化【小】,"水屬性防禦力少量提升。
【強化0】水屬性防禦力極小提升。
【強化1】水屬性防禦力微量提升。
【強化2】水屬性防禦力少量提升。",,,,水屬性防禦強化[25],,水獸、奇猿狐、土砂龍,水獸、奇猿狐、土砂龍
456,水,技巧,水耐性基因【中】,M,1,被動,水屬性防禦強化【中】,"水屬性防禦力中量提升。
【強化0】水屬性防禦力少量提升。
【強化1】水屬性防禦力小量提升。
【強化2】水屬性防禦力中量提升。",,,,水屬性防禦強化[30],,泡狐龍、砂龍王、紫水獸,水獸、奇猿狐、土砂龍、泡狐龍、砂龍王、紫水獸
457,水,技巧,水耐性基因【大】,L,1,被動,水屬性防禦強化【大】,"水屬性防禦力特大提升。
【強化0】水屬性防禦力中量提升。
【強化1】水屬性防禦力大量提升。
【強化2】水屬性防禦力特大提升。",,,,水屬性防禦強化[40],,,泡狐龍、砂龍王、紫水獸
458,水,技巧,水耐性基因【特大】,XL,1,被動,水屬性防禦強化【特】,"水屬性防禦力極大提升。
【強化0】水屬性防禦力特大提升。
【強化1】水屬性防禦力超大提升。
【強化2】水屬性防禦力極大提升。",,,,水屬性防禦強化[50],,水獸、奇猿狐、土砂龍、泡狐龍、砂龍王、紫水獸,水獸、奇猿狐、土砂龍、泡狐龍、砂龍王、紫水獸
459,雷,技巧,雷耐性基因【小】,S,1,被動,雷屬性防禦強化【小】,"雷屬性防禦力少量提升。
【強化0】雷屬性防禦力極小提升。
【強化1】雷屬性防禦力微量提升。
【強化2】雷屬性防禦力少量提升。",,,,雷屬性防禦強化[25],,毒怪鳥、飛雷龍、奇怪龍、紅怪龍,毒怪鳥、飛雷龍、奇怪龍、紅怪龍
460,雷,技巧,雷耐性基因【中】,M,1,被動,雷屬性防禦強化【中】,"雷屬性防禦力中量提升。
【強化0】雷屬性防禦力少量提升。
【強化1】雷屬性防禦力小量提升。
【強化2】雷屬性防禦力中量提升。",,,,雷屬性防禦強化[30],,紅彩鳥、海龍、雷狼龍、電龍、白海龍、金獅子、雷顎龍、金雷公雷狼龍、青電主電龍,毒怪鳥、飛雷龍、奇怪龍、紅怪龍、紅彩鳥、海龍、雷狼龍、電龍、白海龍、金獅子、雷顎龍、金雷公雷狼龍、青電主電龍
461,雷,技巧,雷耐性基因【大】,L,1,被動,雷屬性防禦強化【大】,"雷屬性防禦力特大提升。
【強化0】雷屬性防禦力中量提升。
【強化1】雷屬性防禦力大量提升。
【強化2】雷屬性防禦力特大提升。",,,,雷屬性防禦強化[40],,,紅彩鳥、海龍、雷狼龍、電龍、白海龍、金獅子、雷顎龍、金雷公雷狼龍、青電主電龍
462,雷,技巧,雷耐性基因【特大】,XL,1,被動,雷屬性防禦強化【特】,"雷屬性防禦力極大提升。
【強化0】雷屬性防禦力特大提升。
【強化1】雷屬性防禦力超大提升。
【強化2】雷屬性防禦力極大提升。",,,,雷屬性防禦強化[50],,毒怪鳥、飛雷龍、奇怪龍、紅怪龍、紅彩鳥、海龍、雷狼龍、電龍、白海龍、金獅子、雷顎龍、金雷公雷狼龍、青電主電龍,毒怪鳥、飛雷龍、奇怪龍、紅怪龍、紅彩鳥、海龍、雷狼龍、電龍、白海龍、金獅子、雷顎龍、金雷公雷狼龍、青電主電龍
463,冰,技巧,冰耐性基因【小】,S,1,被動,冰屬性防禦強化【小】,"冰屬性防禦力少量提升。
【強化0】冰屬性防禦力極小提升。
【強化1】冰屬性防禦力微量提升。
【強化2】冰屬性防禦力少量提升。",,,,冰屬性防禦強化[25],,白兔獸、冰鮫鯊、波波、冰土砂龍,白兔獸、冰鮫鯊、波波、冰土砂龍
464,冰,技巧,冰耐性基因【中】,M,1,被動,冰屬性防禦強化【中】,"冰屬性防禦力中量提升。
【強化0】冰屬性防禦力少量提升。
【強化1】冰屬性防禦力小量提升。
【強化2】冰屬性防禦力中量提升。",,,,冰屬性防禦強化[30],,冰牙龍、風漂龍、巨獸、銀嶺巨獸,白兔獸、冰鮫鯊、冰牙龍、波波、冰土砂龍、風漂龍、巨獸、銀嶺巨獸
465,冰,技巧,冰耐性基因【大】,L,1,被動,冰屬性防禦強化【大】,"冰屬性防禦力特大提升。
【強化0】冰屬性防禦力中量提升。
【強化1】冰屬性防禦力大量提升。
【強化2】冰屬性防禦力特大提升。",,,,冰屬性防禦強化[40],,,冰牙龍、風漂龍、巨獸、銀嶺巨獸
466,冰,技巧,冰耐性基因【特大】,XL,1,被動,冰屬性防禦強化【特】,"冰屬性防禦力極大提升。
【強化0】冰屬性防禦力特大提升。
【強化1】冰屬性防禦力超大提升。
【強化2】冰屬性防禦力極大提升。",,,,冰屬性防禦強化[50],,白兔獸、冰鮫鯊、冰牙龍、波波、冰土砂龍、風漂龍、巨獸、銀嶺巨獸,白兔獸、冰鮫鯊、冰牙龍、波波、冰土砂龍、風漂龍、巨獸、銀嶺巨獸
467,龍,技巧,龍耐性基因【小】,S,1,被動,龍屬性防禦強化【小】,"龍屬性防禦力少量提升。
【強化0】龍屬性防禦力極小提升。
【強化1】龍屬性防禦力微量提升。
【強化2】龍屬性防禦力少量提升。",,,,龍屬性防禦強化[25],,草食龍、雌火龍、眠狗龍王,草食龍、雌火龍、眠狗龍王
468,龍,技巧,龍耐性基因【中】,M,1,被動,龍屬性防禦強化【中】,"龍屬性防禦力中量提升。
【強化0】龍屬性防禦力少量提升。
【強化1】龍屬性防禦力小量提升。
【強化2】龍屬性防禦力中量提升。",,,,龍屬性防禦強化[30],,獄狼龍、恐暴龍,草食龍、雌火龍、眠狗龍王、獄狼龍、恐暴龍
469,龍,技巧,龍耐性基因【大】,L,1,被動,龍屬性防禦強化【大】,"龍屬性防禦力特大提升。
【強化0】龍屬性防禦力中量提升。
【強化1】龍屬性防禦力大量提升。
【強化2】龍屬性防禦力特大提升。",,,,龍屬性防禦強化[40],,,獄狼龍、恐暴龍
470,龍,技巧,龍耐性基因【特大】,XL,1,被動,龍屬性防禦強化【特】,"龍屬性防禦力極大提升。
【強化0】龍屬性防禦力特大提升。
【強化1】龍屬性防禦力超大提升。
【強化2】龍屬性防禦力極大提升。",,,,龍屬性防禦強化[50],,草食龍、雌火龍、眠狗龍王、獄狼龍、恐暴龍,草食龍、雌火龍、眠狗龍王、獄狼龍、恐暴龍
471,無,技巧,全屬性耐性基因【小】,S,1,被動,全屬性防禦強化【小】,"全屬性防禦力少量提升。
【強化0】全屬性防禦力極小提升。
【強化1】全屬性防禦力微量提升。
【強化2】全屬性防禦力少量提升。",,,,全屬性防禦強化[10],,,獄狼龍、恐暴龍
472,無,技巧,全屬性耐性基因【中】,M,1,被動,全屬性防禦強化【中】,"全屬性防禦力中量提升。
【強化0】全屬性防禦力少量提升。
【強化1】全屬性防禦力小量提升。
【強化2】全屬性防禦力中量提升。",,,,全屬性防禦強化[15],,滅盡龍、冰呪龍、鋼龍、麒麟、炎王龍,獄狼龍、滅盡龍、冰呪龍、恐暴龍、鋼龍、麒麟、炎王龍
473,無,技巧,全屬性耐性基因【大】,L,1,被動,全屬性防禦強化【大】,"全屬性防禦力特大提升。
【強化0】全屬性防禦力中量提升。
【強化1】全屬性防禦力大量提升。
【強化2】全屬性防禦力特大提升。",,,,全屬性防禦強化[20],,滅盡龍、冰呪龍、鋼龍、麒麟、炎王龍,滅盡龍、冰呪龍、鋼龍、麒麟、炎王龍
474,無,技巧,全屬性耐性基因【特大】,XL,1,被動,全屬性防禦強化【特】,"全屬性防禦力極大提升。
【強化0】全屬性防禦力特大提升。
【強化1】全屬性防禦力超大提升。
【強化2】全屬性防禦力極大提升。",,,,全屬性防禦強化[25],,滅盡龍、冰呪龍、鋼龍、麒麟、炎王龍,滅盡龍、冰呪龍、鋼龍、麒麟、炎王龍
475,無,無,狀態異常賦予基因【小】,S,1,被動,賦予率提升【小】,"賦予狀態異常的機率極小提升。
【強化0】賦予狀態異常的機率極微提升。
【強化1】賦予狀態異常的機率極少提升。
【強化2】賦予狀態異常的機率極小提升。",,,,賦予率提升[10],,毒妖鳥、黑狼鳥、紫毒鳥、影蜘蛛、桃毛獸王,毒妖鳥、黑狼鳥、紫毒鳥、影蜘蛛、桃毛獸王
476,無,無,狀態異常賦予基因【中】,M,1,被動,賦予率提升【中】,"賦予狀態異常的機率小量提升。
【強化0】賦予狀態異常的機率極小提升。
【強化1】賦予狀態異常的機率微量提升。
【強化2】賦予狀態異常的機率小量提升。",,,,賦予率提升[15],,毒猛龍王、痺猛龍王、滅盡龍、骸蜘蛛、綠毛獸王、冰呪龍、鋼龍、麒麟、炎王龍,毒妖鳥、黑狼鳥、紫毒鳥、影蜘蛛、桃毛獸王、毒猛龍王、痺猛龍王、滅盡龍、骸蜘蛛、綠毛獸王、冰呪龍、鋼龍、麒麟、炎王龍
477,無,無,狀態異常賦予基因【大】,L,1,被動,賦予率提升【大】,"賦予狀態異常的機率中量提升。
【強化0】賦予狀態異常的機率微量提升。
【強化1】賦予狀態異常的機率小量提升。
【強化2】賦予狀態異常的機率中量提升。",,,,賦予率提升[17],,滅盡龍、冰呪龍、鋼龍、麒麟、炎王龍、加爾克(無),毒猛龍王、痺猛龍王、滅盡龍、骸蜘蛛、綠毛獸王、冰呪龍、鋼龍、麒麟、炎王龍
478,無,無,狀態異常賦予基因【特大】,XL,1,被動,賦予率提升【特】,"賦予狀態異常的機率大量提升。
【強化0】賦予狀態異常的機率小量提升。
【強化1】賦予狀態異常的機率中量提升。
【強化2】賦予狀態異常的機率大量提升。",,,,賦予率提升[20],,毒妖鳥、黑狼鳥、紫毒鳥、影蜘蛛、桃毛獸王、毒猛龍王、痺猛龍王、滅盡龍、骸蜘蛛、綠毛獸王、冰呪龍、鋼龍、麒麟、炎王龍、加爾克(無),毒妖鳥、黑狼鳥、紫毒鳥、影蜘蛛、桃毛獸王、毒猛龍王、痺猛龍王、滅盡龍、骸蜘蛛、綠毛獸王、冰呪龍、鋼龍、麒麟、炎王龍
479,無,無,雪上加霜增強基因【小】,S,1,被動,雪上加霜強化【小】,"對狀態異常的對手造成的傷害小量提升。
【強化0】對狀態異常的對手造成的傷害微量提升。
【強化1】對狀態異常的對手造成的傷害少量提升。
【強化2】對狀態異常的對手造成的傷害小量提升。",,,,雪上加霜強化[35],,毒妖鳥、黑狼鳥、紫毒鳥、影蜘蛛、桃毛獸王,毒妖鳥、黑狼鳥、紫毒鳥、影蜘蛛、桃毛獸王
480,無,無,雪上加霜增強基因【中】,M,1,被動,雪上加霜強化【中】,"對狀態異常的對手造成的傷害中量提升。
【強化0】對狀態異常的對手造成的傷害少量提升。
【強化1】對狀態異常的對手造成的傷害小量提升。
【強化2】對狀態異常的對手造成的傷害中量提升。",,,,雪上加霜強化[40],,毒猛龍王、痺猛龍王、滅盡龍、骸蜘蛛、綠毛獸王、冰呪龍、鋼龍、麒麟、炎王龍,毒妖鳥、黑狼鳥、紫毒鳥、影蜘蛛、桃毛獸王、毒猛龍王、痺猛龍王、滅盡龍、骸蜘蛛、綠毛獸王、冰呪龍、鋼龍、麒麟、炎王龍
481,無,無,雪上加霜增強基因【大】,L,1,被動,雪上加霜強化【大】,"對狀態異常的對手造成的傷害特大提升。
【強化0】對狀態異常的對手造成的傷害小量提升。
【強化1】對狀態異常的對手造成的傷害中量提升。
【強化2】對狀態異常的對手造成的傷害特大提升。",,,,雪上加霜強化[45],,滅盡龍、冰呪龍、鋼龍、麒麟、炎王龍、加爾克(雷),毒猛龍王、痺猛龍王、滅盡龍、骸蜘蛛、綠毛獸王、冰呪龍、鋼龍、麒麟、炎王龍
482,無,無,雪上加霜增強基因【特大】,XL,1,被動,雪上加霜強化【特】,"對狀態異常的對手造成的傷害超大提升。
【強化0】對狀態異常的對手造成的傷害中量提升。
【強化1】對狀態異常的對手造成的傷害特大提升。
【強化2】對狀態異常的對手造成的傷害超大提升。",,,,雪上加霜強化[50],,毒妖鳥、黑狼鳥、紫毒鳥、影蜘蛛、桃毛獸王、毒猛龍王、痺猛龍王、滅盡龍、骸蜘蛛、綠毛獸王、冰呪龍、鋼龍、麒麟、炎王龍、加爾克(雷),毒妖鳥、黑狼鳥、紫毒鳥、影蜘蛛、桃毛獸王、毒猛龍王、痺猛龍王、滅盡龍、骸蜘蛛、綠毛獸王、冰呪龍、鋼龍、麒麟、炎王龍
483,冰,無,耐寒基因,S,1,被動,耐寒,使冷倦怠完全無效。,,,,耐寒,白兔獸、冰鮫鯊、冰牙龍、波波、冰土砂龍、冰呪龍、鋼龍,滅盡龍、冰呪龍、鋼龍、麒麟、炎王龍,滅盡龍、冰呪龍、鋼龍、麒麟、炎王龍
484,火,無,耐暑基因,M,1,被動,耐暑,使熱倦怠完全無效。,,,,耐暑,岩龍、爆鎚龍、鎧龍、桃岩龍、黑鎧龍、風牙龍、炎王龍,滅盡龍、冰呪龍、鋼龍、麒麟、炎王龍,滅盡龍、冰呪龍、鋼龍、麒麟、炎王龍
485,龍,無,即死無效基因,L,1,被動,即死無效,使即死完全無效。,,,,即死無效,,滅盡龍、冰呪龍、鋼龍、麒麟、炎王龍,滅盡龍、冰呪龍、鋼龍、麒麟、炎王龍
486,無,技巧,耐毒基因【小】,S,1,被動,耐毒【小】,"有機率使毒‧猛毒‧劇毒無效。【發動率】略低機率發動。
【強化0】特低機率發動。
【強化1】低機率發動。
【強化2】略低機率發動。",,,,耐毒[60],,毒妖鳥、黑狼鳥、白兔獸、紫毒鳥、冰鮫鯊、影蜘蛛、桃毛獸王、波波、冰土砂龍,毒妖鳥、黑狼鳥、白兔獸、紫毒鳥、冰鮫鯊、影蜘蛛、桃毛獸王、波波、冰土砂龍
487,無,技巧,耐毒基因【中】,M,1,被動,耐毒【中】,"有機率使毒‧猛毒‧劇毒無效。【發動率】略高機率發動。
【強化0】略低機率發動。
【強化1】中機率發動。
【強化2】略高機率發動。",,,,耐毒[75],,冰牙龍、風漂龍、毒猛龍王、痺猛龍王、巨獸、骸蜘蛛、綠毛獸王、銀嶺巨獸,毒妖鳥、黑狼鳥、白兔獸、紫毒鳥、冰鮫鯊、影蜘蛛、桃毛獸王、冰牙龍、波波、冰土砂龍、風漂龍、毒猛龍王、痺猛龍王、巨獸、骸蜘蛛、綠毛獸王、銀嶺巨獸
488,無,技巧,耐毒基因【大】,L,1,被動,耐毒【大】,"有機率使毒‧猛毒‧劇毒無效。【發動率】特高機率發動。
【強化0】略高機率發動。
【強化1】高機率發動。
【強化2】特高機率發動。",,,,耐毒[90],,,冰牙龍、風漂龍、毒猛龍王、痺猛龍王、巨獸、骸蜘蛛、綠毛獸王、銀嶺巨獸
489,無,技巧,耐毒基因【特大】,XL,1,被動,耐毒【特】,"有機率使毒‧猛毒‧劇毒無效。【發動率】隨時持續發動。
【強化0】特高機率發動。
【強化1】超高機率發動。
【強化2】隨時持續發動。",,,,耐毒[100],,毒妖鳥、黑狼鳥、白兔獸、紫毒鳥、冰鮫鯊、影蜘蛛、桃毛獸王、冰牙龍、波波、冰土砂龍、風漂龍、毒猛龍王、痺猛龍王、巨獸、骸蜘蛛、綠毛獸王、銀嶺巨獸,毒妖鳥、黑狼鳥、白兔獸、紫毒鳥、冰鮫鯊、影蜘蛛、桃毛獸王、冰牙龍、波波、冰土砂龍、風漂龍、毒猛龍王、痺猛龍王、巨獸、骸蜘蛛、綠毛獸王、銀嶺巨獸
490,火,力量,耐燒傷基因【小】,S,1,被動,耐燒傷【小】,"有機率使燒傷無效。【發動率】略低機率發動。
【強化0】特低機率發動。
【強化1】低機率發動。
【強化2】略低機率發動。",,,,耐燒傷[60],,怪鳥、毒妖鳥、黑狼鳥、青怪鳥、岩龍、蠻顎龍、白猿狐、紫毒鳥、影蜘蛛、桃毛獸王,怪鳥、毒妖鳥、黑狼鳥、青怪鳥、岩龍、蠻顎龍、白猿狐、紫毒鳥、影蜘蛛、桃毛獸王
491,火,力量,耐燒傷基因【中】,M,1,被動,耐燒傷【中】,"有機率使燒傷無效。【發動率】略高機率發動。
【強化0】略低機率發動。
【強化1】中機率發動。
【強化2】略高機率發動。",,,,耐燒傷[75],,爆鎚龍、鎧龍、毒猛龍王、痺猛龍王、桃岩龍、黑鎧龍、斬龍、骸蜘蛛、爆鱗龍、綠毛獸王、碎龍、櫻火龍、火龍、蒼火龍、紫毒姬雌火龍、燼滅刃斬龍,怪鳥、毒妖鳥、黑狼鳥、青怪鳥、岩龍、蠻顎龍、白猿狐、紫毒鳥、影蜘蛛、桃毛獸王、爆鎚龍、鎧龍、毒猛龍王、痺猛龍王、桃岩龍、黑鎧龍、斬龍、骸蜘蛛、爆鱗龍、綠毛獸王、碎龍、櫻火龍、火龍、蒼火龍、紫毒姬雌火龍、燼滅刃斬龍
492,火,力量,耐燒傷基因【大】,L,1,被動,耐燒傷【大】,"有機率使燒傷無效。【發動率】特高機率發動。
【強化0】略高機率發動。
【強化1】高機率發動。
【強化2】特高機率發動。",,,,耐燒傷[90],,,爆鎚龍、鎧龍、毒猛龍王、痺猛龍王、桃岩龍、黑鎧龍、斬龍、骸蜘蛛、爆鱗龍、綠毛獸王、碎龍、櫻火龍、火龍、蒼火龍、紫毒姬雌火龍、燼滅刃斬龍
493,火,力量,耐燒傷基因【特大】,XL,1,被動,耐燒傷【特】,"有機率使燒傷無效。【發動率】隨時持續發動。
【強化0】特高機率發動。
【強化1】超高機率發動。
【強化2】隨時持續發動。",,,,耐燒傷[100],,怪鳥、毒妖鳥、黑狼鳥、青怪鳥、岩龍、蠻顎龍、白猿狐、紫毒鳥、影蜘蛛、桃毛獸王、爆鎚龍、鎧龍、毒猛龍王、痺猛龍王、桃岩龍、黑鎧龍、斬龍、骸蜘蛛、爆鱗龍、綠毛獸王、碎龍、櫻火龍、火龍、蒼火龍、紫毒姬雌火龍、燼滅刃斬龍,怪鳥、毒妖鳥、黑狼鳥、青怪鳥、岩龍、蠻顎龍、白猿狐、紫毒鳥、影蜘蛛、桃毛獸王、爆鎚龍、鎧龍、毒猛龍王、痺猛龍王、桃岩龍、黑鎧龍、斬龍、骸蜘蛛、爆鱗龍、綠毛獸王、碎龍、櫻火龍、火龍、蒼火龍、紫毒姬雌火龍、燼滅刃斬龍
494,雷,速度,耐痺基因【小】,S,1,被動,耐麻痺【小】,"有機率使麻痺無效。【發動率】略低機率發動。
【強化0】特低機率發動。
【強化1】低機率發動。
【強化2】略低機率發動。",,,,耐麻痺[60],,毒妖鳥、黑狼鳥、毒怪鳥、紫毒鳥、飛雷龍、影蜘蛛、桃毛獸王、奇怪龍、紅怪龍,毒妖鳥、黑狼鳥、毒怪鳥、紫毒鳥、飛雷龍、影蜘蛛、桃毛獸王、奇怪龍、紅怪龍
495,雷,速度,耐痺基因【中】,M,1,被動,耐麻痺【中】,"有機率使麻痺無效。【發動率】略高機率發動。
【強化0】略低機率發動。
【強化1】中機率發動。
【強化2】略高機率發動。",,,,耐麻痺[75],,紅彩鳥、毒猛龍王、痺猛龍王、海龍、雷狼龍、骸蜘蛛、綠毛獸王、電龍、白海龍、金獅子、雷顎龍、金雷公雷狼龍、青電主電龍,毒妖鳥、黑狼鳥、毒怪鳥、紫毒鳥、飛雷龍、影蜘蛛、桃毛獸王、奇怪龍、紅怪龍、紅彩鳥、毒猛龍王、痺猛龍王、海龍、雷狼龍、骸蜘蛛、綠毛獸王、電龍、白海龍、金獅子、雷顎龍、金雷公雷狼龍、青電主電龍
496,雷,速度,耐痺基因【大】,L,1,被動,耐麻痺【大】,"有機率使麻痺無效。【發動率】特高機率發動。
【強化0】略高機率發動。
【強化1】高機率發動。
【強化2】特高機率發動。",,,,耐麻痺[90],,,紅彩鳥、毒猛龍王、痺猛龍王、海龍、雷狼龍、骸蜘蛛、綠毛獸王、電龍、白海龍、金獅子、雷顎龍、金雷公雷狼龍、青電主電龍、加爾克(雷)
497,雷,速度,耐痺基因【特大】,XL,1,被動,耐麻痺【特】,"有機率使麻痺無效。【發動率】隨時持續發動。
【強化0】特高機率發動。
【強化1】超高機率發動。
【強化2】隨時持續發動。",,,,耐麻痺[100],,毒妖鳥、黑狼鳥、毒怪鳥、紫毒鳥、飛雷龍、影蜘蛛、桃毛獸王、奇怪龍、紅怪龍、紅彩鳥、毒猛龍王、痺猛龍王、海龍、雷狼龍、骸蜘蛛、綠毛獸王、電龍、白海龍、金獅子、雷顎龍、金雷公雷狼龍、青電主電龍,毒妖鳥、黑狼鳥、毒怪鳥、紫毒鳥、飛雷龍、影蜘蛛、桃毛獸王、奇怪龍、紅怪龍、紅彩鳥、毒猛龍王、痺猛龍王、海龍、雷狼龍、骸蜘蛛、綠毛獸王、電龍、白海龍、金獅子、雷顎龍、金雷公雷狼龍、青電主電龍、加爾克(雷)
498,水,技巧,耐眠基因【小】,S,1,被動,耐睡眠【小】,"有機率使睡眠無效。【發動率】略低機率發動。
【強化0】特低機率發動。
【強化1】低機率發動。
【強化2】略低機率發動。",,,,耐睡眠[60],,毒妖鳥、黑狼鳥、白兔獸、紫毒鳥、冰鮫鯊、影蜘蛛、桃毛獸王、波波、冰土砂龍,毒妖鳥、黑狼鳥、白兔獸、紫毒鳥、冰鮫鯊、影蜘蛛、桃毛獸王、波波、冰土砂龍
499,水,技巧,耐眠基因【中】,M,1,被動,耐睡眠【中】,"有機率使睡眠無效。【發動率】略高機率發動。
【強化0】略低機率發動。
【強化1】中機率發動。
【強化2】略高機率發動。",,,,耐睡眠[75],,冰牙龍、風漂龍、毒猛龍王、痺猛龍王、巨獸、骸蜘蛛、綠毛獸王、銀嶺巨獸,毒妖鳥、黑狼鳥、白兔獸、紫毒鳥、冰鮫鯊、影蜘蛛、桃毛獸王、冰牙龍、波波、冰土砂龍、風漂龍、毒猛龍王、痺猛龍王、巨獸、骸蜘蛛、綠毛獸王、銀嶺巨獸
500,水,技巧,耐眠基因【大】,L,1,被動,耐睡眠【大】,"有機率使睡眠無效。【發動率】特高機率發動。
【強化0】略高機率發動。
【強化1】高機率發動。
【強化2】特高機率發動。",,,,耐睡眠[90],,,冰牙龍、風漂龍、毒猛龍王、痺猛龍王、巨獸、骸蜘蛛、綠毛獸王、銀嶺巨獸
501,水,技巧,耐眠基因【特大】,XL,1,被動,耐睡眠【特】,"有機率使睡眠無效。【發動率】隨時持續發動。
【強化0】特高機率發動。
【強化1】超高機率發動。
【強化2】隨時持續發動。",,,,耐睡眠[100],,毒妖鳥、黑狼鳥、白兔獸、紫毒鳥、冰鮫鯊、影蜘蛛、桃毛獸王、冰牙龍、波波、冰土砂龍、風漂龍、毒猛龍王、痺猛龍王、巨獸、骸蜘蛛、綠毛獸王、銀嶺巨獸,毒妖鳥、黑狼鳥、白兔獸、紫毒鳥、冰鮫鯊、影蜘蛛、桃毛獸王、冰牙龍、波波、冰土砂龍、風漂龍、毒猛龍王、痺猛龍王、巨獸、骸蜘蛛、綠毛獸王、銀嶺巨獸
502,無,力量,耐臭基因【小】,S,1,被動,耐惡臭【小】,"有機率使惡臭無效。【發動率】略低機率發動。
【強化0】特低機率發動。
【強化1】低機率發動。
【強化2】略低機率發動。",,,,耐惡臭[60],,毒妖鳥、黑狼鳥、水獸、奇猿狐、紫毒鳥、影蜘蛛、桃毛獸王、土砂龍,毒妖鳥、黑狼鳥、水獸、奇猿狐、紫毒鳥、影蜘蛛、桃毛獸王、土砂龍
503,無,力量,耐臭基因【中】,M,1,被動,耐惡臭【中】,"有機率使惡臭無效。【發動率】略高機率發動。
【強化0】略低機率發動。
【強化1】中機率發動。
【強化2】略高機率發動。",,,,耐惡臭[75],,泡狐龍、毒猛龍王、砂龍王、痺猛龍王、紫水獸、骸蜘蛛、綠毛獸王,毒妖鳥、黑狼鳥、水獸、奇猿狐、紫毒鳥、影蜘蛛、桃毛獸王、土砂龍、泡狐龍、毒猛龍王、砂龍王、痺猛龍王、紫水獸、骸蜘蛛、綠毛獸王
504,無,力量,耐臭基因【大】,L,1,被動,耐惡臭【大】,"有機率使惡臭無效。【發動率】特高機率發動。
【強化0】略高機率發動。
【強化1】高機率發動。
【強化2】特高機率發動。",,,,耐惡臭[90],,,泡狐龍、毒猛龍王、砂龍王、痺猛龍王、紫水獸、骸蜘蛛、綠毛獸王
505,無,力量,耐臭基因【特大】,XL,1,被動,耐惡臭【特】,"有機率使惡臭無效。【發動率】隨時持續發動。
【強化0】特高機率發動。
【強化1】超高機率發動。
【強化2】隨時持續發動。",,,,耐惡臭[100],,毒妖鳥、黑狼鳥、水獸、奇猿狐、紫毒鳥、影蜘蛛、桃毛獸王、土砂龍、泡狐龍、毒猛龍王、砂龍王、痺猛龍王、紫水獸、骸蜘蛛、綠毛獸王,毒妖鳥、黑狼鳥、水獸、奇猿狐、紫毒鳥、影蜘蛛、桃毛獸王、土砂龍、泡狐龍、毒猛龍王、砂龍王、痺猛龍王、紫水獸、骸蜘蛛、綠毛獸王
506,冰,速度,耐封基因【小】,S,1,被動,耐技能封印【小】,"有機率使技能封印無效。【發動率】略低機率發動。
【強化0】特低機率發動。
【強化1】低機率發動。
【強化2】略低機率發動。",,,,耐技能封印[60],,毒妖鳥、黑狼鳥、水獸、奇猿狐、紫毒鳥、影蜘蛛、桃毛獸王、土砂龍,毒妖鳥、黑狼鳥、水獸、奇猿狐、紫毒鳥、影蜘蛛、桃毛獸王、土砂龍
507,冰,速度,耐封基因【中】,M,1,被動,耐技能封印【中】,"有機率使技能封印無效。【發動率】略高機率發動。
【強化0】略低機率發動。
【強化1】中機率發動。
【強化2】略高機率發動。",,,,耐技能封印[75],,泡狐龍、毒猛龍王、砂龍王、痺猛龍王、紫水獸、骸蜘蛛、綠毛獸王,毒妖鳥、黑狼鳥、水獸、奇猿狐、紫毒鳥、影蜘蛛、桃毛獸王、土砂龍、泡狐龍、毒猛龍王、砂龍王、痺猛龍王、紫水獸、骸蜘蛛、綠毛獸王
508,冰,速度,耐封基因【大】,L,1,被動,耐技能封印【大】,"有機率使技能封印無效。【發動率】特高機率發動。
【強化0】略高機率發動。
【強化1】高機率發動。
【強化2】特高機率發動。",,,,耐技能封印[90],,滅盡龍、冰呪龍、鋼龍、麒麟、炎王龍、加爾克(冰),泡狐龍、毒猛龍王、砂龍王、痺猛龍王、紫水獸、滅盡龍、骸蜘蛛、綠毛獸王、冰呪龍、鋼龍、麒麟、炎王龍
509,冰,速度,耐封基因【特大】,XL,1,被動,耐技能封印【特】,"有機率使技能封印無效。【發動率】隨時持續發動。
【強化0】特高機率發動。
【強化1】超高機率發動。
【強化2】隨時持續發動。",,,,耐技能封印[100],,毒妖鳥、黑狼鳥、水獸、奇猿狐、紫毒鳥、影蜘蛛、桃毛獸王、土砂龍、泡狐龍、毒猛龍王、砂龍王、痺猛龍王、紫水獸、滅盡龍、骸蜘蛛、綠毛獸王、冰呪龍、鋼龍、麒麟、炎王龍、加爾克(冰),毒妖鳥、黑狼鳥、水獸、奇猿狐、紫毒鳥、影蜘蛛、桃毛獸王、土砂龍、泡狐龍、毒猛龍王、砂龍王、痺猛龍王、紫水獸、滅盡龍、骸蜘蛛、綠毛獸王、冰呪龍、鋼龍、麒麟、炎王龍
510,火,力量,耐爆破基因【小】,S,1,被動,耐爆破異常【小】,"有機率使爆破異常無效。【發動率】略低機率發動。
【強化0】特低機率發動。
【強化1】低機率發動。
【強化2】略低機率發動。",,,,耐爆破異常[60],,怪鳥、毒妖鳥、黑狼鳥、青怪鳥、岩龍、蠻顎龍、白猿狐、紫毒鳥、影蜘蛛、桃毛獸王,怪鳥、毒妖鳥、黑狼鳥、青怪鳥、岩龍、蠻顎龍、白猿狐、紫毒鳥、影蜘蛛、桃毛獸王
511,火,力量,耐爆破基因【中】,M,1,被動,耐爆破異常【中】,"有機率使爆破異常無效。【發動率】略高機率發動。
【強化0】略低機率發動。
【強化1】中機率發動。
【強化2】略高機率發動。",,,,耐爆破異常[75],,爆鎚龍、鎧龍、毒猛龍王、痺猛龍王、桃岩龍、黑鎧龍、斬龍、骸蜘蛛、爆鱗龍、綠毛獸王、碎龍、櫻火龍、火龍、蒼火龍、紫毒姬雌火龍、燼滅刃斬龍,怪鳥、毒妖鳥、黑狼鳥、青怪鳥、岩龍、蠻顎龍、白猿狐、紫毒鳥、影蜘蛛、桃毛獸王、爆鎚龍、鎧龍、毒猛龍王、痺猛龍王、桃岩龍、黑鎧龍、斬龍、骸蜘蛛、爆鱗龍、綠毛獸王、碎龍、櫻火龍、火龍、蒼火龍、紫毒姬雌火龍、燼滅刃斬龍
512,火,力量,耐爆破基因【大】,L,1,被動,耐爆破異常【大】,"有機率使爆破異常無效。【發動率】特高機率發動。
【強化0】略高機率發動。
【強化1】高機率發動。
【強化2】特高機率發動。",,,,耐爆破異常[90],,,爆鎚龍、鎧龍、毒猛龍王、痺猛龍王、桃岩龍、黑鎧龍、斬龍、骸蜘蛛、爆鱗龍、綠毛獸王、碎龍、櫻火龍、火龍、蒼火龍、紫毒姬雌火龍、燼滅刃斬龍
513,火,力量,耐爆破基因【特大】,XL,1,被動,耐爆破異常【特】,"有機率使爆破異常無效。【發動率】隨時持續發動。
【強化0】特高機率發動。
【強化1】超高機率發動。
【強化2】隨時持續發動。",,,,耐爆破異常[100],,怪鳥、毒妖鳥、黑狼鳥、青怪鳥、岩龍、蠻顎龍、白猿狐、紫毒鳥、影蜘蛛、桃毛獸王、爆鎚龍、鎧龍、毒猛龍王、痺猛龍王、桃岩龍、黑鎧龍、斬龍、骸蜘蛛、爆鱗龍、綠毛獸王、碎龍、櫻火龍、火龍、蒼火龍、紫毒姬雌火龍、燼滅刃斬龍,怪鳥、毒妖鳥、黑狼鳥、青怪鳥、岩龍、蠻顎龍、白猿狐、紫毒鳥、影蜘蛛、桃毛獸王、爆鎚龍、鎧龍、毒猛龍王、痺猛龍王、桃岩龍、黑鎧龍、斬龍、骸蜘蛛、爆鱗龍、綠毛獸王、碎龍、櫻火龍、火龍、蒼火龍、紫毒姬雌火龍、燼滅刃斬龍
514,龍,速度,耐裂基因【小】,S,1,被動,耐裂傷【小】,"有機率使裂傷無效。【發動率】略低機率發動。
【強化0】特低機率發動。
【強化1】低機率發動。
【強化2】略低機率發動。",,,,耐裂傷[60],,草食龍、毒妖鳥、黑狼鳥、雌火龍、紫毒鳥、眠狗龍王、影蜘蛛、桃毛獸王,草食龍、雌火龍、眠狗龍王
515,龍,速度,耐裂基因【中】,M,1,被動,耐裂傷【中】,"有機率使裂傷無效。【發動率】略高機率發動。
【強化0】略低機率發動。
【強化1】中機率發動。
【強化2】略高機率發動。",,,,耐裂傷[75],,毒猛龍王、痺猛龍王、獄狼龍、骸蜘蛛、綠毛獸王、恐暴龍,草食龍、雌火龍、眠狗龍王、獄狼龍、恐暴龍
516,龍,速度,耐裂基因【大】,L,1,被動,耐裂傷【大】,"有機率使裂傷無效。【發動率】特高機率發動。
【強化0】略高機率發動。
【強化1】高機率發動。
【強化2】特高機率發動。",,,,耐裂傷[90],,,獄狼龍、恐暴龍
517,龍,速度,耐裂基因【特大】,XL,1,被動,耐裂傷【特】,"有機率使裂傷無效。【發動率】隨時持續發動。
【強化0】特高機率發動。
【強化1】超高機率發動。
【強化2】隨時持續發動。",,,,耐裂傷[100],,草食龍、毒妖鳥、黑狼鳥、雌火龍、紫毒鳥、眠狗龍王、影蜘蛛、桃毛獸王、毒猛龍王、痺猛龍王、獄狼龍、骸蜘蛛、綠毛獸王、恐暴龍,草食龍、毒妖鳥、黑狼鳥、雌火龍、紫毒鳥、眠狗龍王、影蜘蛛、桃毛獸王、毒猛龍王、痺猛龍王、獄狼龍、骸蜘蛛、綠毛獸王、恐暴龍
518,無,技巧,耐盲眼基因【小】,S,1,被動,耐盲眼【小】,"有機率使盲眼無效。【發動率】略低機率發動。
【強化0】特低機率發動。
【強化1】低機率發動。
【強化2】略低機率發動。",,,,耐盲眼[60],,毒妖鳥、黑狼鳥、毒怪鳥、紫毒鳥、飛雷龍、影蜘蛛、桃毛獸王、奇怪龍、紅怪龍,毒妖鳥、黑狼鳥、毒怪鳥、紫毒鳥、飛雷龍、影蜘蛛、桃毛獸王、奇怪龍、紅怪龍
519,無,技巧,耐盲眼基因【中】,M,1,被動,耐盲眼【中】,"有機率使盲眼無效。【發動率】略高機率發動。
【強化0】略低機率發動。
【強化1】中機率發動。
【強化2】略高機率發動。",,,,耐盲眼[75],,紅彩鳥、毒猛龍王、痺猛龍王、海龍、雷狼龍、骸蜘蛛、綠毛獸王、電龍、白海龍、金獅子、雷顎龍、金雷公雷狼龍、青電主電龍,毒妖鳥、黑狼鳥、毒怪鳥、紫毒鳥、飛雷龍、影蜘蛛、桃毛獸王、奇怪龍、紅怪龍、紅彩鳥、毒猛龍王、痺猛龍王、海龍、雷狼龍、骸蜘蛛、綠毛獸王、電龍、白海龍、金獅子、雷顎龍、金雷公雷狼龍、青電主電龍
520,無,技巧,耐盲眼基因【大】,L,1,被動,耐盲眼【大】,"有機率使盲眼無效。【發動率】特高機率發動。
【強化0】略高機率發動。
【強化1】高機率發動。
【強化2】特高機率發動。",,,,耐盲眼[90],,,紅彩鳥、毒猛龍王、痺猛龍王、海龍、雷狼龍、骸蜘蛛、綠毛獸王、電龍、白海龍、金獅子、雷顎龍、金雷公雷狼龍、青電主電龍
521,無,技巧,耐盲眼基因【特大】,XL,1,被動,耐盲眼【特】,"有機率使盲眼無效。【發動率】隨時持續發動。
【強化0】特高機率發動。
【強化1】超高機率發動。
【強化2】隨時持續發動。",,,,耐盲眼[100],,毒妖鳥、黑狼鳥、毒怪鳥、紫毒鳥、飛雷龍、影蜘蛛、桃毛獸王、奇怪龍、紅怪龍、紅彩鳥、毒猛龍王、痺猛龍王、海龍、雷狼龍、骸蜘蛛、綠毛獸王、電龍、白海龍、金獅子、雷顎龍、金雷公雷狼龍、青電主電龍,毒妖鳥、黑狼鳥、毒怪鳥、紫毒鳥、飛雷龍、影蜘蛛、桃毛獸王、奇怪龍、紅怪龍、紅彩鳥、毒猛龍王、痺猛龍王、海龍、雷狼龍、骸蜘蛛、綠毛獸王、電龍、白海龍、金獅子、雷顎龍、金雷公雷狼龍、青電主電龍
522,龍,力量,異常無效基因【小】,S,1,被動,耐狀態異常【小】,"有機率使所有狀態異常無效。【發動率】低機率發動。
【強化0】極低機率發動。
【強化1】特低機率發動。
【強化2】低機率發動。",,,,耐狀態異常[20],,滅盡龍、冰呪龍、鋼龍、麒麟、炎王龍,
523,龍,力量,異常無效基因【中】,M,1,被動,耐狀態異常【中】,"有機率使所有狀態異常無效。【發動率】略低機率發動。
【強化0】特低機率發動。
【強化1】低機率發動。
【強化2】略低機率發動。",,,,耐狀態異常[25],,滅盡龍、冰呪龍、鋼龍、麒麟、炎王龍,
524,龍,力量,異常無效基因【大】,L,1,被動,耐狀態異常【大】,"有機率使所有狀態異常無效。【發動率】中機率發動。
【強化0】低機率發動。
【強化1】略低機率發動。
【強化2】中機率發動。",,,,耐狀態異常[30],,,滅盡龍、冰呪龍、鋼龍、麒麟、炎王龍、加爾克(龍)
525,龍,力量,異常無效基因【特大】,XL,1,被動,耐狀態異常【特】,"有機率使所有狀態異常無效。【發動率】略高機率發動。
【強化0】略低機率發動。
【強化1】中機率發動。
【強化2】略高機率發動。",,,,耐狀態異常[35],,,滅盡龍、冰呪龍、鋼龍、麒麟、炎王龍、加爾克(龍)
526,無,無,靈魂羈絆基因【小】,S,1,被動,靈魂羈絆【小】,"羈絆值上升量少量提升。
【強化0】羈絆值上升量極小提升。
【強化1】羈絆值上升量微量提升。
【強化2】羈絆值上升量少量提升。",,,,靈魂羈絆[15],,草食龍、雌火龍、眠狗龍王,草食龍、雌火龍、眠狗龍王
527,無,無,靈魂羈絆基因【中】,M,1,被動,靈魂羈絆【中】,"羈絆值上升量中量提升。
【強化0】羈絆值上升量少量提升。
【強化1】羈絆值上升量小量提升。
【強化2】羈絆值上升量中量提升。",,,,靈魂羈絆[20],,獄狼龍、滅盡龍、冰呪龍、恐暴龍、鋼龍、麒麟、炎王龍,草食龍、雌火龍、眠狗龍王、獄狼龍、滅盡龍、冰呪龍、恐暴龍、鋼龍、麒麟、炎王龍
528,無,無,靈魂羈絆基因【大】,L,1,被動,靈魂羈絆【大】,"羈絆值上升量特大提升。
【強化0】羈絆值上升量中量提升。
【強化1】羈絆值上升量大量提升。
【強化2】羈絆值上升量特大提升。",,,,靈魂羈絆[25],,滅盡龍、冰呪龍、鋼龍、麒麟、炎王龍,獄狼龍、滅盡龍、冰呪龍、恐暴龍、鋼龍、麒麟、炎王龍、加爾克(無)
529,無,無,靈魂羈絆基因【特大】,XL,1,被動,靈魂羈絆【特】,"羈絆值上升量極大提升。
【強化0】羈絆值上升量特大提升。
【強化1】羈絆值上升量超大提升。
【強化2】羈絆值上升量極大提升。",,,,靈魂羈絆[30],,草食龍、雌火龍、眠狗龍王、獄狼龍、滅盡龍、冰呪龍、恐暴龍、鋼龍、麒麟、炎王龍,草食龍、雌火龍、眠狗龍王、獄狼龍、滅盡龍、冰呪龍、恐暴龍、鋼龍、麒麟、炎王龍、加爾克(無)
530,水,技巧,默契基因【小】,S,1,被動,減少消耗【小】,"指示隨行獸使用技能時羈絆值消耗量減少。羈絆值消耗量極小減少。
【強化0】羈絆值消耗量極微減少。
【強化1】羈絆值消耗量極少減少。
【強化2】羈絆值消耗量極小減少。",,,,減少消耗[10],,搔鳥、野豬王、迅猛龍王、青熊獸、背甲龍、彩鳥、狗龍王、迅龍、浮空龍、綠迅龍,搔鳥、野豬王、迅猛龍王、青熊獸、背甲龍、彩鳥、狗龍王、迅龍、浮空龍、綠迅龍
531,水,技巧,默契基因【中】,M,1,被動,減少消耗【中】,"指示隨行獸使用技能時羈絆值消耗量減少。羈絆值消耗量小量減少。
【強化0】羈絆值消耗量極小減少。
【強化1】羈絆值消耗量微量減少。
【強化2】羈絆值消耗量小量減少。",,,,減少消耗[15],,角龍、黑角龍、轟龍、黑轟龍、一角龍、白一角龍、滅盡龍、冰呪龍、鋼龍、千刃龍、風牙龍、荒鉤爪轟龍、麒麟、白疾風迅龍、炎王龍、鏖魔角龍,搔鳥、野豬王、迅猛龍王、青熊獸、背甲龍、彩鳥、狗龍王、迅龍、浮空龍、綠迅龍、角龍、黑角龍、轟龍、黑轟龍、一角龍、白一角龍、滅盡龍、冰呪龍、鋼龍、千刃龍、風牙龍、荒鉤爪轟龍、麒麟、白疾風迅龍、炎王龍、鏖魔角龍
532,水,技巧,默契基因【大】,L,1,被動,減少消耗【大】,"指示隨行獸使用技能時羈絆值消耗量減少。羈絆值消耗量中量減少。
【強化0】羈絆值消耗量微量減少。
【強化1】羈絆值消耗量小量減少。
【強化2】羈絆值消耗量中量減少。",,,,減少消耗[17],,滅盡龍、冰呪龍、鋼龍、麒麟、炎王龍,角龍、黑角龍、轟龍、黑轟龍、一角龍、白一角龍、滅盡龍、冰呪龍、鋼龍、千刃龍、風牙龍、荒鉤爪轟龍、麒麟、白疾風迅龍、炎王龍、鏖魔角龍、加爾克(水)
533,水,技巧,默契基因【特大】,XL,1,被動,減少消耗【特】,"指示隨行獸使用技能時羈絆值消耗量減少。羈絆值消耗量大量減少。
【強化0】羈絆值消耗量小量減少。
【強化1】羈絆值消耗量中量減少。
【強化2】羈絆值消耗量大量減少。",,,,減少消耗[20],,搔鳥、野豬王、迅猛龍王、青熊獸、背甲龍、彩鳥、狗龍王、迅龍、浮空龍、綠迅龍、角龍、黑角龍、轟龍、黑轟龍、一角龍、白一角龍、滅盡龍、冰呪龍、鋼龍、千刃龍、風牙龍、荒鉤爪轟龍、麒麟、白疾風迅龍、炎王龍、鏖魔角龍,搔鳥、野豬王、迅猛龍王、青熊獸、背甲龍、彩鳥、狗龍王、迅龍、浮空龍、綠迅龍、角龍、黑角龍、轟龍、黑轟龍、一角龍、白一角龍、滅盡龍、冰呪龍、鋼龍、千刃龍、風牙龍、荒鉤爪轟龍、麒麟、白疾風迅龍、炎王龍、鏖魔角龍、加爾克(水)
534,,,,,,,,,,,,,,,
535,,,,,,,,,,,,,,,
536,,,,,,,,,,,,,,,
537,,,,,,,,,,,,,,,
538,冰,技巧,正面對決大師基因【小】,S,1,被動,正面對決大師【小】,"正面對決獲勝時羈絆值上升量增加。羈絆值上升量少量提升。
【強化0】羈絆值上升量極小提升。
【強化1】羈絆值上升量微量提升。
【強化2】羈絆值上升量少量提升。",,,,正面對決大師[20],,怪鳥、青怪鳥、岩龍、蠻顎龍、白猿狐,怪鳥、青怪鳥、岩龍、蠻顎龍、白猿狐
539,冰,技巧,正面對決大師基因【中】,M,1,被動,正面對決大師【中】,"正面對決獲勝時羈絆值上升量增加。羈絆值上升量中量提升。
【強化0】羈絆值上升量少量提升。
【強化1】羈絆值上升量小量提升。
【強化2】羈絆值上升量中量提升。",,,,正面對決大師[25],,爆鎚龍、鎧龍、桃岩龍、黑鎧龍、斬龍、滅盡龍、爆鱗龍、碎龍、冰呪龍、鋼龍、麒麟、炎王龍、櫻火龍、火龍、蒼火龍、紫毒姬雌火龍、燼滅刃斬龍,怪鳥、青怪鳥、岩龍、蠻顎龍、白猿狐、爆鎚龍、鎧龍、桃岩龍、黑鎧龍、斬龍、滅盡龍、爆鱗龍、碎龍、冰呪龍、鋼龍、麒麟、炎王龍、櫻火龍、火龍、蒼火龍、紫毒姬雌火龍、燼滅刃斬龍
540,冰,技巧,正面對決大師基因【大】,L,1,被動,正面對決大師【大】,"正面對決獲勝時羈絆值上升量增加。羈絆值上升量特大提升。
【強化0】羈絆值上升量中量提升。
【強化1】羈絆值上升量大量提升。
【強化2】羈絆值上升量特大提升。",,,,正面對決大師[30],,滅盡龍、冰呪龍、鋼龍、麒麟、炎王龍,爆鎚龍、鎧龍、桃岩龍、黑鎧龍、斬龍、滅盡龍、爆鱗龍、碎龍、冰呪龍、鋼龍、麒麟、炎王龍、櫻火龍、火龍、蒼火龍、紫毒姬雌火龍、燼滅刃斬龍
541,冰,技巧,正面對決大師基因【特大】,XL,1,被動,正面對決大師【特】,"正面對決獲勝時羈絆值上升量增加。羈絆值上升量極大提升。
【強化0】羈絆值上升量特大提升。
【強化1】羈絆值上升量超大提升。
【強化2】羈絆值上升量極大提升。",,,,正面對決大師[40],,怪鳥、青怪鳥、岩龍、蠻顎龍、白猿狐、爆鎚龍、鎧龍、桃岩龍、黑鎧龍、斬龍、滅盡龍、爆鱗龍、碎龍、冰呪龍、鋼龍、麒麟、炎王龍、櫻火龍、火龍、蒼火龍、紫毒姬雌火龍、燼滅刃斬龍,怪鳥、青怪鳥、岩龍、蠻顎龍、白猿狐、爆鎚龍、鎧龍、桃岩龍、黑鎧龍、斬龍、滅盡龍、爆鱗龍、碎龍、冰呪龍、鋼龍、麒麟、炎王龍、櫻火龍、火龍、蒼火龍、紫毒姬雌火龍、燼滅刃斬龍
542,龍,力量,全力特技基因【小】,S,1,被動,全力【小】,"消耗較多的羈絆值，以全力施展技能。技能的威力少量提升。
【強化0】技能的威力極小提升。
【強化1】技能的威力微量提升。
【強化2】技能的威力少量提升。",,,,全力[30],,搔鳥、野豬王、迅猛龍王、青熊獸、背甲龍、彩鳥、狗龍王、迅龍、浮空龍、綠迅龍,搔鳥、野豬王、迅猛龍王、青熊獸、背甲龍、彩鳥、狗龍王、迅龍、浮空龍、綠迅龍
543,龍,力量,全力特技基因【中】,M,1,被動,全力【中】,"消耗較多的羈絆值，以全力施展技能。技能的威力中量提升。
【強化0】技能的威力少量提升。
【強化1】技能的威力小量提升。
【強化2】技能的威力中量提升。",,,,全力[45],,角龍、黑角龍、轟龍、黑轟龍、一角龍、白一角龍、千刃龍、風牙龍、荒鉤爪轟龍、白疾風迅龍、鏖魔角龍,搔鳥、野豬王、迅猛龍王、青熊獸、背甲龍、彩鳥、狗龍王、迅龍、浮空龍、綠迅龍、角龍、黑角龍、轟龍、黑轟龍、一角龍、白一角龍、千刃龍、風牙龍、荒鉤爪轟龍、白疾風迅龍、鏖魔角龍
544,龍,力量,全力特技基因【大】,L,1,被動,全力【大】,"消耗較多的羈絆值，以全力施展技能。技能的威力特大提升。
【強化0】技能的威力中量提升。
【強化1】技能的威力大量提升。
【強化2】技能的威力特大提升。",,,,全力[55],,,角龍、黑角龍、轟龍、黑轟龍、一角龍、白一角龍、千刃龍、風牙龍、荒鉤爪轟龍、白疾風迅龍、鏖魔角龍
545,龍,力量,全力特技基因【特大】,XL,1,被動,全力【特】,"消耗較多的羈絆值，以全力施展技能。技能的威力極大提升。
【強化0】技能的威力特大提升。
【強化1】技能的威力超大提升。
【強化2】技能的威力極大提升。",,,,全力[65],,搔鳥、野豬王、迅猛龍王、青熊獸、背甲龍、彩鳥、狗龍王、迅龍、浮空龍、綠迅龍、角龍、黑角龍、轟龍、黑轟龍、一角龍、白一角龍、千刃龍、風牙龍、荒鉤爪轟龍、白疾風迅龍、鏖魔角龍,搔鳥、野豬王、迅猛龍王、青熊獸、背甲龍、彩鳥、狗龍王、迅龍、浮空龍、綠迅龍、角龍、黑角龍、轟龍、黑轟龍、一角龍、白一角龍、千刃龍、風牙龍、荒鉤爪轟龍、白疾風迅龍、鏖魔角龍
546,,,,,,,,,,,,,,,
547,,,,,,,,,,,,,,,
548,,,,,,,,,,,,,,,
549,,,,,,,,,,,,,,,
550,,,,,,,,,,,,,,,
551,,,,,,,,,,,,,,,
552,,,,,,,,,,,,,,,
553,,,,,,,,,,,,,,,
554,龍,力量,單挑嗜好基因【小】,S,1,被動,單挑嗜好【小】,"正面對決造成的傷害少量提升。
【強化0】正面對決造成的傷害極小提升。
【強化1】正面對決造成的傷害微量提升。
【強化2】正面對決造成的傷害少量提升。",,,,單挑嗜好[30],,搔鳥、野豬王、迅猛龍王、青熊獸、背甲龍、彩鳥、狗龍王、迅龍、浮空龍、綠迅龍,搔鳥、野豬王、迅猛龍王、青熊獸、背甲龍、彩鳥、狗龍王、迅龍、浮空龍、綠迅龍
555,龍,力量,單挑嗜好基因【中】,M,1,被動,單挑嗜好【中】,"正面對決造成的傷害中量提升。
【強化0】正面對決造成的傷害少量提升。
【強化1】正面對決造成的傷害小量提升。
【強化2】正面對決造成的傷害中量提升。",,,,單挑嗜好[40],,角龍、黑角龍、轟龍、黑轟龍、一角龍、白一角龍、千刃龍、風牙龍、荒鉤爪轟龍、白疾風迅龍、鏖魔角龍,搔鳥、野豬王、迅猛龍王、青熊獸、背甲龍、彩鳥、狗龍王、迅龍、浮空龍、綠迅龍、角龍、黑角龍、轟龍、黑轟龍、一角龍、白一角龍、千刃龍、風牙龍、荒鉤爪轟龍、白疾風迅龍、鏖魔角龍
556,龍,力量,單挑嗜好基因【大】,L,1,被動,單挑嗜好【大】,"正面對決造成的傷害特大提升。
【強化0】正面對決造成的傷害中量提升。
【強化1】正面對決造成的傷害大量提升。
【強化2】正面對決造成的傷害特大提升。",,,,單挑嗜好[50],,加爾克(龍),角龍、黑角龍、轟龍、黑轟龍、一角龍、白一角龍、千刃龍、風牙龍、荒鉤爪轟龍、白疾風迅龍、鏖魔角龍
557,龍,力量,單挑嗜好基因【特大】,XL,1,被動,單挑嗜好【特】,"正面對決造成的傷害極大提升。
【強化0】正面對決造成的傷害特大提升。
【強化1】正面對決造成的傷害超大提升。
【強化2】正面對決造成的傷害極大提升。",,,,單挑嗜好[60],,搔鳥、野豬王、迅猛龍王、青熊獸、背甲龍、彩鳥、狗龍王、迅龍、浮空龍、綠迅龍、角龍、黑角龍、轟龍、黑轟龍、一角龍、白一角龍、千刃龍、風牙龍、荒鉤爪轟龍、白疾風迅龍、鏖魔角龍、加爾克(龍),搔鳥、野豬王、迅猛龍王、青熊獸、背甲龍、彩鳥、狗龍王、迅龍、浮空龍、綠迅龍、角龍、黑角龍、轟龍、黑轟龍、一角龍、白一角龍、千刃龍、風牙龍、荒鉤爪轟龍、白疾風迅龍、鏖魔角龍
558,火,技巧,KO術基因【小】,S,1,被動,KO術【小】,"一般攻擊可使敵方陷入暈眩。造成暈眩的機率少量提升。
【強化0】造成暈眩的機率極小提升。
【強化1】造成暈眩的機率微量提升。
【強化2】造成暈眩的機率少量提升。",,,,KO術[6],,,草食龍、雌火龍、眠狗龍王
559,火,技巧,KO術基因【中】,M,1,被動,KO術【中】,"一般攻擊可使敵方陷入暈眩。造成暈眩的機率中量提升。
【強化0】造成暈眩的機率少量提升。
【強化1】造成暈眩的機率小量提升。
【強化2】造成暈眩的機率中量提升。",,,,KO術[8],,,草食龍、雌火龍、眠狗龍王、獄狼龍、恐暴龍
560,火,技巧,KO術基因【大】,L,1,被動,KO術【大】,"一般攻擊可使敵方陷入暈眩。造成暈眩的機率特大提升。
【強化0】造成暈眩的機率中量提升。
【強化1】造成暈眩的機率大量提升。
【強化2】造成暈眩的機率特大提升。",,,,KO術[10],,加爾克(火),獄狼龍、恐暴龍
561,火,技巧,KO術基因【特大】,XL,1,被動,KO術【特】,"一般攻擊可使敵方陷入暈眩。造成暈眩的機率極大提升。
【強化0】造成暈眩的機率特大提升。
【強化1】造成暈眩的機率超大提升。
【強化2】造成暈眩的機率極大提升。",,,,KO術[12],,草食龍、雌火龍、眠狗龍王、獄狼龍、恐暴龍、加爾克(火),草食龍、雌火龍、眠狗龍王、獄狼龍、恐暴龍
562,冰,技巧,羈絆技能強化基因【小】,S,1,被動,羈絆技能強化【小】,"羈絆技能的威力少量提升。
【強化0】羈絆技能的威力極小提升。
【強化1】羈絆技能的威力微量提升。
【強化2】羈絆技能的威力少量提升。",,,,羈絆技能強化[30],,毒怪鳥、飛雷龍、奇怪龍、紅怪龍,毒怪鳥、飛雷龍、奇怪龍、紅怪龍
563,冰,技巧,羈絆技能強化基因【中】,M,1,被動,羈絆技能強化【中】,"羈絆技能的威力中量提升。
【強化0】羈絆技能的威力少量提升。
【強化1】羈絆技能的威力小量提升。
【強化2】羈絆技能的威力中量提升。",,,,羈絆技能強化[40],,紅彩鳥、海龍、雷狼龍、電龍、白海龍、金獅子、雷顎龍、金雷公雷狼龍、青電主電龍,毒怪鳥、飛雷龍、奇怪龍、紅怪龍、紅彩鳥、海龍、雷狼龍、電龍、白海龍、金獅子、雷顎龍、金雷公雷狼龍、青電主電龍
564,冰,技巧,羈絆技能強化基因【大】,L,1,被動,羈絆技能強化【大】,"羈絆技能的威力特大提升。
【強化0】羈絆技能的威力中量提升。
【強化1】羈絆技能的威力大量提升。
【強化2】羈絆技能的威力特大提升。",,,,羈絆技能強化[50],,,紅彩鳥、海龍、雷狼龍、電龍、白海龍、金獅子、雷顎龍、金雷公雷狼龍、青電主電龍
565,冰,技巧,羈絆技能強化基因【特大】,XL,1,被動,羈絆技能強化【特】,"羈絆技能的威力極大提升。
【強化0】羈絆技能的威力特大提升。
【強化1】羈絆技能的威力超大提升。
【強化2】羈絆技能的威力極大提升。",,,,羈絆技能強化[60],,毒怪鳥、飛雷龍、奇怪龍、紅怪龍、紅彩鳥、海龍、雷狼龍、電龍、白海龍、金獅子、雷顎龍、金雷公雷狼龍、青電主電龍,毒怪鳥、飛雷龍、奇怪龍、紅怪龍、紅彩鳥、海龍、雷狼龍、電龍、白海龍、金獅子、雷顎龍、金雷公雷狼龍、青電主電龍
566,雷,技巧,同步化基因【小】,S,1,被動,同步化【小】,"雙重攻擊造成的傷害少量提升。
【強化0】雙重攻擊造成的傷害極小提升。
【強化1】雙重攻擊造成的傷害微量提升。
【強化2】雙重攻擊造成的傷害少量提升。",,,,同步化[50],,水獸、奇猿狐、土砂龍,水獸、奇猿狐、土砂龍
567,雷,技巧,同步化基因【中】,M,1,被動,同步化【中】,"雙重攻擊造成的傷害中量提升。
【強化0】雙重攻擊造成的傷害少量提升。
【強化1】雙重攻擊造成的傷害小量提升。
【強化2】雙重攻擊造成的傷害中量提升。",,,,同步化[60],,泡狐龍、砂龍王、紫水獸,水獸、奇猿狐、土砂龍、泡狐龍、砂龍王、紫水獸
568,雷,技巧,同步化基因【大】,L,1,被動,同步化【大】,"雙重攻擊造成的傷害特大提升。
【強化0】雙重攻擊造成的傷害中量提升。
【強化1】雙重攻擊造成的傷害大量提升。
【強化2】雙重攻擊造成的傷害特大提升。",,,,同步化[70],,,泡狐龍、砂龍王、紫水獸
569,雷,技巧,同步化基因【特大】,XL,1,被動,同步化【特】,"雙重攻擊造成的傷害極大提升。
【強化0】雙重攻擊造成的傷害特大提升。
【強化1】雙重攻擊造成的傷害超大提升。
【強化2】雙重攻擊造成的傷害極大提升。",,,,同步化[80],,水獸、奇猿狐、土砂龍、泡狐龍、砂龍王、紫水獸,水獸、奇猿狐、土砂龍、泡狐龍、砂龍王、紫水獸
570,火,力量,炸彈客基因【小】,S,1,被動,炸彈客【小】,"爆破異常與爆彈桶的威力少量提升。
【強化0】爆破異常與爆彈桶的威力極小提升。
【強化1】爆破異常與爆彈桶的威力微量提升。
【強化2】爆破異常與爆彈桶的威力少量提升。",,,,炸彈客[20],,怪鳥、青怪鳥、岩龍、蠻顎龍、白猿狐,怪鳥、青怪鳥、岩龍、蠻顎龍、白猿狐
571,火,力量,炸彈客基因【中】,M,1,被動,炸彈客【中】,"爆破異常與爆彈桶的威力中量提升。
【強化0】爆破異常與爆彈桶的威力少量提升。
【強化1】爆破異常與爆彈桶的威力小量提升。
【強化2】爆破異常與爆彈桶的威力中量提升。",,,,炸彈客[25],,爆鎚龍、鎧龍、桃岩龍、黑鎧龍、斬龍、爆鱗龍、碎龍、櫻火龍、火龍、蒼火龍、紫毒姬雌火龍、燼滅刃斬龍,怪鳥、青怪鳥、岩龍、蠻顎龍、白猿狐、爆鎚龍、鎧龍、桃岩龍、黑鎧龍、斬龍、爆鱗龍、碎龍、櫻火龍、火龍、蒼火龍、紫毒姬雌火龍、燼滅刃斬龍
572,火,力量,炸彈客基因【大】,L,1,被動,炸彈客【大】,"爆破異常與爆彈桶的威力特大提升。
【強化0】爆破異常與爆彈桶的威力中量提升。
【強化1】爆破異常與爆彈桶的威力大量提升。
【強化2】爆破異常與爆彈桶的威力特大提升。",,,,炸彈客[30],,,爆鎚龍、鎧龍、桃岩龍、黑鎧龍、斬龍、爆鱗龍、碎龍、櫻火龍、火龍、蒼火龍、紫毒姬雌火龍、燼滅刃斬龍
573,火,力量,炸彈客基因【特大】,XL,1,被動,炸彈客【特】,"爆破異常與爆彈桶的威力極大提升。
【強化0】爆破異常與爆彈桶的威力特大提升。
【強化1】爆破異常與爆彈桶的威力超大提升。
【強化2】爆破異常與爆彈桶的威力極大提升。",,,,炸彈客[40],,怪鳥、青怪鳥、岩龍、蠻顎龍、白猿狐、爆鎚龍、鎧龍、桃岩龍、黑鎧龍、斬龍、爆鱗龍、碎龍、櫻火龍、火龍、蒼火龍、紫毒姬雌火龍、燼滅刃斬龍,怪鳥、青怪鳥、岩龍、蠻顎龍、白猿狐、爆鎚龍、鎧龍、桃岩龍、黑鎧龍、斬龍、爆鱗龍、碎龍、櫻火龍、火龍、蒼火龍、紫毒姬雌火龍、燼滅刃斬龍
574,,,反擊強化基因【小】,S,,,,,,,,,,,
575,,,反擊強化基因【中】,M,,,,,,,,,,,
576,,,反擊強化基因【大】,L,,,,,,,,,,,
577,,,反擊強化基因【特大】,XL,,,,,,,,,,,
578,無,無,自我回復基因【小】,S,1,被動,自我回復【小】,"回合結束時體力獲得少量回復。
【強化0】回合結束時體力獲得極小回復。
【強化1】回合結束時體力獲得微量回復。
【強化2】回合結束時體力獲得少量回復。",,,,自我回復[15],,,泡狐龍、砂龍王、紫水獸
579,無,無,自我回復基因【中】,M,1,被動,自我回復【中】,"回合結束時體力獲得中量回復。
【強化0】回合結束時體力獲得少量回復。
【強化1】回合結束時體力獲得小量回復。
【強化2】回合結束時體力獲得中量回復。",,,,自我回復[20],,滅盡龍、冰呪龍、鋼龍、麒麟、炎王龍,泡狐龍、砂龍王、紫水獸、滅盡龍、冰呪龍、鋼龍、麒麟、炎王龍
580,無,無,自我回復基因【大】,L,1,被動,自我回復【大】,"回合結束時體力獲得特大回復。
【強化0】回合結束時體力獲得中量回復。
【強化1】回合結束時體力獲得大量回復。
【強化2】回合結束時體力獲得特大回復。",,,,自我回復[30],,滅盡龍、冰呪龍、鋼龍、麒麟、炎王龍,滅盡龍、冰呪龍、鋼龍、麒麟、炎王龍、加爾克(火)
581,無,無,自我回復基因【特大】,XL,1,被動,自我回復【特】,"回合結束時體力獲得極大回復。
【強化0】回合結束時體力獲得特大回復。
【強化1】回合結束時體力獲得超大回復。
【強化2】回合結束時體力獲得極大回復。",,,,自我回復[40],,滅盡龍、冰呪龍、鋼龍、麒麟、炎王龍,滅盡龍、冰呪龍、鋼龍、麒麟、炎王龍、加爾克(火)
582,,,防禦回復基因【小】,S,,,,,,,,,,,
583,,,防禦回復基因【中】,M,,,,,,,,,,,
584,,,防禦回復基因【大】,L,,,,,,,,,,,
585,,,防禦回復基因【特大】,XL,,,,,,,,,,,
586,水,速度,舞蹈家基因【小】,S,1,被動,舞蹈家【小】,"體力全滿時速度提升。攻擊力與防禦力額外獲得少量提升。
【強化0】攻擊力與防禦力額外獲得極小提升。
【強化1】攻擊力與防禦力額外獲得微量提升。
【強化2】攻擊力與防禦力額外獲得少量提升。",,,,舞蹈家[20],,毒怪鳥、飛雷龍、奇怪龍、紅怪龍,毒怪鳥、飛雷龍、奇怪龍、紅怪龍
587,水,速度,舞蹈家基因【中】,M,1,被動,舞蹈家【中】,"體力全滿時速度提升。攻擊力與防禦力額外獲得中量提升。
【強化0】攻擊力與防禦力額外獲得少量提升。
【強化1】攻擊力與防禦力額外獲得小量提升。
【強化2】攻擊力與防禦力額外獲得中量提升。",,,,舞蹈家[30],,紅彩鳥、海龍、雷狼龍、電龍、白海龍、金獅子、雷顎龍、金雷公雷狼龍、青電主電龍,毒怪鳥、飛雷龍、奇怪龍、紅怪龍、紅彩鳥、海龍、雷狼龍、電龍、白海龍、金獅子、雷顎龍、金雷公雷狼龍、青電主電龍
588,水,速度,舞蹈家基因【大】,L,1,被動,舞蹈家【大】,"體力全滿時速度提升。攻擊力與防禦力額外獲得特大提升。
【強化0】攻擊力與防禦力額外獲得中量提升。
【強化1】攻擊力與防禦力額外獲得大量提升。
【強化2】攻擊力與防禦力額外獲得特大提升。",,,,舞蹈家[40],,加爾克(水),紅彩鳥、海龍、雷狼龍、電龍、白海龍、金獅子、雷顎龍、金雷公雷狼龍、青電主電龍
589,水,速度,舞蹈家基因【特大】,XL,1,被動,舞蹈家【特】,"體力全滿時速度提升。攻擊力與防禦力額外獲得極大提升。
【強化0】攻擊力與防禦力額外獲得特大提升。
【強化1】攻擊力與防禦力額外獲得超大提升。
【強化2】攻擊力與防禦力額外獲得極大提升。",,,,舞蹈家[50],,毒怪鳥、飛雷龍、奇怪龍、紅怪龍、紅彩鳥、海龍、雷狼龍、電龍、白海龍、金獅子、雷顎龍、金雷公雷狼龍、青電主電龍、加爾克(水),毒怪鳥、飛雷龍、奇怪龍、紅怪龍、紅彩鳥、海龍、雷狼龍、電龍、白海龍、金獅子、雷顎龍、金雷公雷狼龍、青電主電龍
590,火,力量,火場怪力基因【小】,S,1,被動,火場怪力【小】,"體力低於一半時攻擊力少量提升。
【強化0】體力低於一半時攻擊力極小提升。
【強化1】體力低於一半時攻擊力微量提升。
【強化2】體力低於一半時攻擊力少量提升。",,,,火場怪力[20],,怪鳥、青怪鳥、岩龍、蠻顎龍、白猿狐,怪鳥、青怪鳥、岩龍、蠻顎龍、白猿狐
591,火,力量,火場怪力基因【中】,M,1,被動,火場怪力【中】,"體力低於一半時攻擊力中量提升。
【強化0】體力低於一半時攻擊力少量提升。
【強化1】體力低於一半時攻擊力小量提升。
【強化2】體力低於一半時攻擊力中量提升。",,,,火場怪力[25],,爆鎚龍、鎧龍、桃岩龍、黑鎧龍、斬龍、滅盡龍、爆鱗龍、碎龍、冰呪龍、鋼龍、麒麟、炎王龍、櫻火龍、火龍、蒼火龍、紫毒姬雌火龍、燼滅刃斬龍,怪鳥、青怪鳥、岩龍、蠻顎龍、白猿狐、爆鎚龍、鎧龍、桃岩龍、黑鎧龍、斬龍、滅盡龍、爆鱗龍、碎龍、冰呪龍、鋼龍、麒麟、炎王龍、櫻火龍、火龍、蒼火龍、紫毒姬雌火龍、燼滅刃斬龍
592,火,力量,火場怪力基因【大】,L,1,被動,火場怪力【大】,"體力低於一半時攻擊力特大提升。
【強化0】體力低於一半時攻擊力中量提升。
【強化1】體力低於一半時攻擊力大量提升。
【強化2】體力低於一半時攻擊力特大提升。",,,,火場怪力[30],,滅盡龍、冰呪龍、鋼龍、麒麟、炎王龍,爆鎚龍、鎧龍、桃岩龍、黑鎧龍、斬龍、滅盡龍、爆鱗龍、碎龍、冰呪龍、鋼龍、麒麟、炎王龍、櫻火龍、火龍、蒼火龍、紫毒姬雌火龍、燼滅刃斬龍
593,火,力量,火場怪力基因【特大】,XL,1,被動,火場怪力【特】,"體力低於一半時攻擊力極大提升。
【強化0】體力低於一半時攻擊力特大提升。
【強化1】體力低於一半時攻擊力超大提升。
【強化2】體力低於一半時攻擊力極大提升。",,,,火場怪力[35],,怪鳥、青怪鳥、岩龍、蠻顎龍、白猿狐、爆鎚龍、鎧龍、桃岩龍、黑鎧龍、斬龍、滅盡龍、爆鱗龍、碎龍、冰呪龍、鋼龍、麒麟、炎王龍、櫻火龍、火龍、蒼火龍、紫毒姬雌火龍、燼滅刃斬龍,怪鳥、青怪鳥、岩龍、蠻顎龍、白猿狐、爆鎚龍、鎧龍、桃岩龍、黑鎧龍、斬龍、滅盡龍、爆鱗龍、碎龍、冰呪龍、鋼龍、麒麟、炎王龍、櫻火龍、火龍、蒼火龍、紫毒姬雌火龍、燼滅刃斬龍
594,雷,力量,底力基因【小】,S,1,被動,底力【小】,"體力低於一半時防禦力少量提升。
【強化0】體力低於一半時防禦力極小提升。
【強化1】體力低於一半時防禦力微量提升。
【強化2】體力低於一半時防禦力少量提升。",,,,底力[30],,草食龍、雌火龍、眠狗龍王,草食龍、雌火龍、眠狗龍王
595,雷,力量,底力基因【中】,M,1,被動,底力【中】,"體力低於一半時防禦力中量提升。
【強化0】體力低於一半時防禦力少量提升。
【強化1】體力低於一半時防禦力小量提升。
【強化2】體力低於一半時防禦力中量提升。",,,,底力[40],,獄狼龍、恐暴龍,草食龍、雌火龍、眠狗龍王、獄狼龍、恐暴龍
596,雷,力量,底力基因【大】,L,1,被動,底力【大】,"體力低於一半時防禦力特大提升。
【強化0】體力低於一半時防禦力中量提升。
【強化1】體力低於一半時防禦力大量提升。
【強化2】體力低於一半時防禦力特大提升。",,,,底力[50],,,獄狼龍、恐暴龍
597,雷,力量,底力基因【特大】,XL,1,被動,底力【特】,"體力低於一半時防禦力極大提升。
【強化0】體力低於一半時防禦力特大提升。
【強化1】體力低於一半時防禦力超大提升。
【強化2】體力低於一半時防禦力極大提升。",,,,底力[60],,草食龍、雌火龍、眠狗龍王、獄狼龍、恐暴龍,草食龍、雌火龍、眠狗龍王、獄狼龍、恐暴龍
598,水,速度,迴避本能基因【小】,S,1,被動,迴避本能【小】,"體力低於一半時迴避率少量提升。
【強化0】體力低於一半時迴避率極小提升。
【強化1】體力低於一半時迴避率微量提升。
【強化2】體力低於一半時迴避率少量提升。",,,,迴避本能[10],,毒怪鳥、飛雷龍、奇怪龍、紅怪龍,毒怪鳥、飛雷龍、奇怪龍、紅怪龍
599,水,速度,迴避本能基因【中】,M,1,被動,迴避本能【中】,"體力低於一半時迴避率中量提升。
【強化0】體力低於一半時迴避率少量提升。
【強化1】體力低於一半時迴避率小量提升。
【強化2】體力低於一半時迴避率中量提升。",,,,迴避本能[15],,紅彩鳥、海龍、雷狼龍、電龍、白海龍、金獅子、雷顎龍、金雷公雷狼龍、青電主電龍,毒怪鳥、飛雷龍、奇怪龍、紅怪龍、紅彩鳥、海龍、雷狼龍、電龍、白海龍、金獅子、雷顎龍、金雷公雷狼龍、青電主電龍
600,水,速度,迴避本能基因【大】,L,1,被動,迴避本能【大】,"體力低於一半時迴避率特大提升。
【強化0】體力低於一半時迴避率中量提升。
【強化1】體力低於一半時迴避率大量提升。
【強化2】體力低於一半時迴避率特大提升。",,,,迴避本能[20],,,紅彩鳥、海龍、雷狼龍、電龍、白海龍、金獅子、雷顎龍、金雷公雷狼龍、青電主電龍
601,水,速度,迴避本能基因【特大】,XL,1,被動,迴避本能【特】,"體力低於一半時迴避率極大提升。
【強化0】體力低於一半時迴避率特大提升。
【強化1】體力低於一半時迴避率超大提升。
【強化2】體力低於一半時迴避率極大提升。",,,,迴避本能[25],,毒怪鳥、飛雷龍、奇怪龍、紅怪龍、紅彩鳥、海龍、雷狼龍、電龍、白海龍、金獅子、雷顎龍、金雷公雷狼龍、青電主電龍,毒怪鳥、飛雷龍、奇怪龍、紅怪龍、紅彩鳥、海龍、雷狼龍、電龍、白海龍、金獅子、雷顎龍、金雷公雷狼龍、青電主電龍
602,冰,技巧,危機感基因【小】,S,1,被動,危機感【小】,"體力低於一半時會心率少量提升。
【強化0】體力低於一半時會心率極小提升。
【強化1】體力低於一半時會心率微量提升。
【強化2】體力低於一半時會心率少量提升。",,,,危機感[10],,草食龍、雌火龍、眠狗龍王,草食龍、雌火龍、眠狗龍王
603,冰,技巧,危機感基因【中】,M,1,被動,危機感【中】,"體力低於一半時會心率中量提升。
【強化0】體力低於一半時會心率少量提升。
【強化1】體力低於一半時會心率小量提升。
【強化2】體力低於一半時會心率中量提升。",,,,危機感[15],,獄狼龍、恐暴龍,草食龍、雌火龍、眠狗龍王、獄狼龍、恐暴龍
604,冰,技巧,危機感基因【大】,L,1,被動,危機感【大】,"體力低於一半時會心率特大提升。
【強化0】體力低於一半時會心率中量提升。
【強化1】體力低於一半時會心率大量提升。
【強化2】體力低於一半時會心率特大提升。",,,,危機感[20],,,獄狼龍、恐暴龍
605,冰,技巧,危機感基因【特大】,XL,1,被動,危機感【特】,"體力低於一半時會心率極大提升。
【強化0】體力低於一半時會心率特大提升。
【強化1】體力低於一半時會心率超大提升。
【強化2】體力低於一半時會心率極大提升。",,,,危機感[25],,草食龍、雌火龍、眠狗龍王、獄狼龍、恐暴龍,草食龍、雌火龍、眠狗龍王、獄狼龍、恐暴龍
606,雷,無,夥伴基因【小】,S,1,被動,夥伴【小】,"體力低於一半時羈絆值上升量增加。羈絆值上升量少量提升。
【強化0】羈絆值上升量極小提升。
【強化1】羈絆值上升量微量提升。
【強化2】羈絆值上升量少量提升。",,,,夥伴[30],,白兔獸、冰鮫鯊、波波、冰土砂龍,白兔獸、冰鮫鯊、波波、冰土砂龍
607,雷,無,夥伴基因【中】,M,1,被動,夥伴【中】,"體力低於一半時羈絆值上升量增加。羈絆值上升量中量提升。
【強化0】羈絆值上升量少量提升。
【強化1】羈絆值上升量小量提升。
【強化2】羈絆值上升量中量提升。",,,,夥伴[35],,冰牙龍、風漂龍、巨獸、銀嶺巨獸,白兔獸、冰鮫鯊、冰牙龍、波波、冰土砂龍、風漂龍、巨獸、銀嶺巨獸
608,雷,無,夥伴基因【大】,L,1,被動,夥伴【大】,"體力低於一半時羈絆值上升量增加。羈絆值上升量特大提升。
【強化0】羈絆值上升量中量提升。
【強化1】羈絆值上升量大量提升。
【強化2】羈絆值上升量特大提升。",,,,夥伴[40],,,冰牙龍、風漂龍、巨獸、銀嶺巨獸
609,雷,無,夥伴基因【特大】,XL,1,被動,夥伴【特】,"體力低於一半時羈絆值上升量增加。羈絆值上升量極大提升。
【強化0】羈絆值上升量特大提升。
【強化1】羈絆值上升量超大提升。
【強化2】羈絆值上升量極大提升。",,,,夥伴[50],,白兔獸、冰鮫鯊、冰牙龍、波波、冰土砂龍、風漂龍、巨獸、銀嶺巨獸,白兔獸、冰鮫鯊、冰牙龍、波波、冰土砂龍、風漂龍、巨獸、銀嶺巨獸
610,龍,無,會心回復基因【小】,S,1,被動,會心擊‧回復【小】,"會心攻擊時體力獲得回復。回復量少量提升。
【強化0】回復量極小提升。
【強化1】回復量微量提升。
【強化2】回復量少量提升。",,,,會心擊‧回復[35],,水獸、奇猿狐、土砂龍,水獸、奇猿狐、土砂龍
611,龍,無,會心回復基因【中】,M,1,被動,會心擊‧回復【中】,"會心攻擊時體力獲得回復。回復量中量提升。
【強化0】回復量少量提升。
【強化1】回復量小量提升。
【強化2】回復量中量提升。",,,,會心擊‧回復[50],,泡狐龍、砂龍王、紫水獸,水獸、奇猿狐、土砂龍、泡狐龍、砂龍王、紫水獸
612,龍,無,會心回復基因【大】,L,1,被動,會心擊‧回復【大】,"會心攻擊時體力獲得回復。回復量特大提升。
【強化0】回復量中量提升。
【強化1】回復量大量提升。
【強化2】回復量特大提升。",,,,會心擊‧回復[70],,,泡狐龍、砂龍王、紫水獸
613,龍,無,會心回復基因【特大】,XL,1,被動,會心擊‧回復【特】,"會心攻擊時體力獲得回復。回復量極大提升。
【強化0】回復量特大提升。
【強化1】回復量超大提升。
【強化2】回復量極大提升。",,,,會心擊‧回復[90],,水獸、奇猿狐、土砂龍、泡狐龍、砂龍王、紫水獸,水獸、奇猿狐、土砂龍、泡狐龍、砂龍王、紫水獸
614,雷,無,會心羈絆基因【小】,S,1,被動,會心擊‧羈絆【小】,"會心攻擊時羈絆值上升量增加。羈絆值上升量少量提升。
【強化0】羈絆值上升量極小提升。
【強化1】羈絆值上升量微量提升。
【強化2】羈絆值上升量少量提升。",,,,會心擊‧羈絆[10],,白兔獸、冰鮫鯊、波波、冰土砂龍,白兔獸、冰鮫鯊、波波、冰土砂龍
615,雷,無,會心羈絆基因【中】,M,1,被動,會心擊‧羈絆【中】,"會心攻擊時羈絆值上升量增加。羈絆值上升量中量提升。
【強化0】羈絆值上升量少量提升。
【強化1】羈絆值上升量小量提升。
【強化2】羈絆值上升量中量提升。",,,,會心擊‧羈絆[15],,冰牙龍、風漂龍、巨獸、銀嶺巨獸,白兔獸、冰鮫鯊、冰牙龍、波波、冰土砂龍、風漂龍、巨獸、銀嶺巨獸
616,雷,無,會心羈絆基因【大】,L,1,被動,會心擊‧羈絆【大】,"會心攻擊時羈絆值上升量增加。羈絆值上升量特大提升。
【強化0】羈絆值上升量中量提升。
【強化1】羈絆值上升量大量提升。
【強化2】羈絆值上升量特大提升。",,,,會心擊‧羈絆[20],,,冰牙龍、風漂龍、巨獸、銀嶺巨獸
617,雷,無,會心羈絆基因【特大】,XL,1,被動,會心擊‧羈絆【特】,"會心攻擊時羈絆值上升量增加。羈絆值上升量極大提升。
【強化0】羈絆值上升量特大提升。
【強化1】羈絆值上升量超大提升。
【強化2】羈絆值上升量極大提升。",,,,會心擊‧羈絆[25],,白兔獸、冰鮫鯊、冰牙龍、波波、冰土砂龍、風漂龍、巨獸、銀嶺巨獸,白兔獸、冰鮫鯊、冰牙龍、波波、冰土砂龍、風漂龍、巨獸、銀嶺巨獸
618,水,技巧,不屈基因【小】,S,1,被動,不屈【小】,"能力隨著生命值減少而提升。攻擊力與防禦力少量提升。
【強化0】攻擊力與防禦力極小提升。
【強化1】攻擊力與防禦力微量提升。
【強化2】攻擊力與防禦力少量提升。",,,,不屈[15],,白兔獸、冰鮫鯊、波波、冰土砂龍,白兔獸、冰鮫鯊、波波、冰土砂龍
619,水,技巧,不屈基因【中】,M,1,被動,不屈【中】,"能力隨著生命值減少而提升。攻擊力與防禦力中量提升。
【強化0】攻擊力與防禦力少量提升。
【強化1】攻擊力與防禦力小量提升。
【強化2】攻擊力與防禦力中量提升。",,,,不屈[20],,冰牙龍、風漂龍、巨獸、銀嶺巨獸,白兔獸、冰鮫鯊、冰牙龍、波波、冰土砂龍、風漂龍、巨獸、銀嶺巨獸
620,水,技巧,不屈基因【大】,L,1,被動,不屈【大】,"能力隨著生命值減少而提升。攻擊力與防禦力特大提升。
【強化0】攻擊力與防禦力中量提升。
【強化1】攻擊力與防禦力大量提升。
【強化2】攻擊力與防禦力特大提升。",,,,不屈[25],,,冰牙龍、風漂龍、巨獸、銀嶺巨獸
621,水,技巧,不屈基因【特大】,XL,1,被動,不屈【特】,"能力隨著生命值減少而提升。攻擊力與防禦力極大提升。
【強化0】攻擊力與防禦力特大提升。
【強化1】攻擊力與防禦力超大提升。
【強化2】攻擊力與防禦力極大提升。",,,,不屈[30],,白兔獸、冰鮫鯊、冰牙龍、波波、冰土砂龍、風漂龍、巨獸、銀嶺巨獸,白兔獸、冰鮫鯊、冰牙龍、波波、冰土砂龍、風漂龍、巨獸、銀嶺巨獸
